id,size,synthesizingArea,offspringCount,offspringQuality,energy,maxEnergy
2193,12.408,0.121692,1.69109,0.485063,102.376,193.868
870,10.0381,0.106965,1.12911,0.174209,4.98428,5.02671
2191,17.302,0.0784146,1.61334,0.14449,15.9464,16.1069
2190,17.302,0.0768367,1.7957,0.268204,78.7861,98.0421
2189,11.5093,0.0522464,2.34482,0.169887,7.79546,7.86232
2188,10.7836,0.0522464,2.34482,0.207976,9.13324,11.6436
2187,20.2921,0.121558,2.30617,0.0528288,1.69312,1.73487
2186,12.5835,0.0820932,2.30617,0.0528288,0.421886,0.432289
1044,11.5093,0.0522464,2.34482,0.244696,23.1713,25.307
212,11.5093,0.0522464,2.34482,0.271617,27.1742,34.0213
2183,8.36704,0.0718946,1.58065,0.282748,12.5803,14.9364
2182,8.36704,0.0718946,1.58065,0.16729,3.48645,3.51468
2181,12.2442,0.0718946,1.58065,0.282748,46.576,46.8083
2180,8.73939,0.0731054,1.33644,0.207976,7.18691,7.23462
2179,8.70884,0.0488586,1.58065,0.282748,11.2256,17.2607
2178,12.3034,0.121692,1.61197,0.283235,46.5184,46.7473
2177,15.8601,0.0888523,1.58065,0.0977794,6.32534,6.40455
2176,17.8687,0.0888523,1.58065,0.0977794,9.04566,9.15894
2175,15.8601,0.124943,1.58065,0.0655416,2.38244,2.42326
2174,15.8601,0.113699,1.92814,0.0977794,6.15285,6.2299
2173,15.8601,0.107468,1.58065,0.0961794,5.9521,6.02765
2172,11.5093,0.0731054,1.33644,0.0657818,0.988902,1.0057
2171,21.9729,0.0768367,1.73516,0.0887372,14.0327,14.2203
2170,17.6639,0.0768367,1.73516,0.0936586,8.28719,8.39329
2169,16.0919,0.106543,1.58065,0.104814,8.14451,8.23898
2168,10.058,0.0652588,1.02067,0.601514,123.174,235.578
2167,11.0665,0.0801757,1.22339,0.104598,2.84108,2.87359
2166,12.6978,0.102914,2.30875,0.509644,216.87,291.849
2165,14.8884,0.0567697,1.96264,0.331873,137.389,149.971
2164,9.96009,0.109902,1.96264,0.238078,17.2298,17.3259
2163,16.7836,0.0670544,2.39087,0.293438,152.726,153.43
2162,11.6599,0.0588858,1.22339,0.293318,51.6005,51.8384
2161,21.2245,0.0812599,0.992872,0.0977794,20.332,20.5634
2160,17.4835,0.0812599,2.22603,0.0884895,9.58728,9.7028
2159,19.4852,0.0660888,1.74249,0.0607395,6.3526,6.45109
2158,10.2034,0.0388822,1.59319,0.436446,55.8799,108.692
2157,10.2034,0.0388822,1.59319,0.436446,55.8799,108.692
2156,10.0381,0.0856579,0.488226,0.403798,68.4959,80.0222
2155,17.3312,0.0768367,1.0934,0.0968624,12.0521,12.1857
2154,15.8199,0.0651907,1.62824,0.156684,28.3759,28.5923
2153,20.7605,0.0768367,1.50659,0.268586,252.29,253.503
2152,17.302,0.0768367,1.50659,0.268586,146.043,146.745
2151,10.8788,0.121692,1.22339,0.231336,24.1219,24.2526
2150,27.6673,0.0563076,1.24851,0.0990981,61.0541,61.6875
2149,19.9588,0.105055,1.63374,0.297725,290.218,291.484
2148,11.5093,0.0475627,2.34482,0.0825559,3.73836,3.77943
2147,11.5093,0.0522464,2.34482,0.097314,5.05572,5.10583
2146,11.5093,0.0522464,2.34482,0.097314,5.05572,5.10583
2145,10.2034,0.121811,1.72159,0.394029,85.0247,85.3084
2144,8.51007,0.0948292,1.72159,0.394029,50.0351,51.015
2143,11.6599,0.121692,1.22339,0.362545,102.451,102.818
2142,12.4963,0.0578486,0.760445,0.301349,85.3138,85.6704
2140,17.302,0.0768367,1.73634,0.0611041,8.70485,8.81222
2139,17.302,0.0768367,1.73634,0.0611041,8.70485,8.81222
2138,4.31709,0.105055,0.852381,0.435151,2.36435,8.82109
2137,9.91022,0.121692,2.06438,0.199183,15.5837,15.6726
2136,12.408,0.121692,2.06438,0.199183,30.5859,30.7606
2135,9.31205,0.112382,1.30762,0.430243,86.5335,86.7963
2134,17.259,0.0257029,1.29533,0.306535,179.156,256.885
2133,8.44142,0.105055,1.50491,0.530659,88.1055,116.661
2132,23.3017,0.0821968,1.58065,0.145144,114.834,115.638
2131,18.8858,0.0768367,1.65004,0.140186,57.7432,58.1562
2130,24.7588,0.150415,2.31135,0.285753,587.927,590.399
2129,28.5684,0.117818,1.8126,0.285753,937.875,941.819
2128,23.0336,0.128047,1.8126,0.285753,485.855,487.898
2127,19.9029,0.0731054,1.85632,0.135694,69.8194,70.3141
2126,11.3397,0.0588501,1.556,0.0808232,5.39476,5.44619
2125,15.9969,0.17959,1.91757,0.238078,106.053,106.557
2124,15.3539,0.102641,1.91757,0.238078,102.567,103.054
2123,14.3751,0.121692,1.13298,0.150341,31.0617,31.2662
2122,8.23468,0.121692,1.91757,0.218422,12.7737,12.8385
2121,15.5115,0.258217,1.32591,0.238078,87.4217,87.8372
2120,21.9143,0.0768367,0.830634,0.212595,242.122,243.367
2099,17.302,0.106671,1.7957,0.27375,206.571,207.446
2118,9.41698,0.039584,2.04594,0.419065,51.2058,103.026
2117,8.36704,0.0718946,2.04594,0.419065,51.6618,69.8335
2116,12.408,0.116079,1.17865,0.143883,20.6474,20.7821
2115,11.6599,0.15306,1.22339,0.196785,30.846,31.009
2114,19.2791,0.105608,1.7867,0.077943,29.5517,29.8188
2113,7.07274,0.0522464,1.37449,0.188466,6.28071,7.24058
2112,7.07274,0.0522464,1.37449,0.125723,3.34292,3.36628
2111,10.6542,0.108657,1.14743,0.798855,448.106,769.853
2110,11.5093,0.0522464,2.34482,0.207976,40.7857,40.987
2109,7.46591,0.0549437,2.34482,0.207976,11.1011,11.1559
2108,7.46591,0.0805045,2.34482,0.116898,3.71853,3.74472
2107,16.7005,0.0640463,1.19852,0.138453,56.5433,56.905
2106,15.9776,0.0640463,2.34482,0.207976,107.757,108.289
2105,16.7005,0.0938599,2.34482,0.207976,119.136,119.724
2104,11.5093,0.0522464,2.34482,0.290616,83.8242,84.1494
2103,16.4941,0.0522464,2.37599,0.207976,120.045,120.638
2102,11.5093,0.0522464,1.98807,0.207976,40.7857,40.987
2101,11.5093,0.0522464,2.34482,0.207976,40.7857,40.987
2100,7.12317,0.0549437,2.18395,0.207976,8.68397,9.68893
2119,14.1587,0.0636034,1.26389,0.253715,101.919,102.373
2098,11.5093,0.0640463,2.34482,0.193904,34.9472,35.128
2097,8.51809,0.0522464,2.34482,0.207976,16.5342,16.6158
2096,14.5849,0.0975855,1.07762,0.887488,1450.36,2687.8
2095,15.8601,0.0888523,2.30617,0.0977794,29.2024,29.4217
2094,15.8601,0.0778877,2.30617,0.132339,47.6446,47.9496
2093,21.2091,0.0888523,2.30617,0.0977794,69.8341,70.3584
2092,18.8097,0.0888523,2.41081,0.0977794,48.7129,49.0786
1602,15.8601,0.0888523,2.30617,0.0977794,29.2024,29.4217
2091,12.7685,0.0427459,2.33578,0.207976,61.9743,62.2703
2090,11.5093,0.0497188,1.83215,0.295148,93.8728,94.2238
2089,11.5093,0.039318,2.24325,0.207976,45.5507,45.7683
2088,11.5093,0.039318,1.20835,0.207976,45.5507,45.7683
2087,11.5093,0.039318,2.33578,0.242162,62.0788,62.3463
2086,14.6332,0.0240926,2.33578,0.207976,93.969,95.5557
2085,14.6332,0.039318,2.33578,0.207976,93.6176,94.0649
2084,11.5093,0.0315916,2.33578,0.216248,49.3565,49.8675
2081,22.9398,0.0608632,1.2456,0.301766,785.743,788.616
2082,8.52712,0.0925545,1.07762,0.637875,145.487,240.102
2083,11.5093,0.0686745,1.63379,0.207976,47.3942,47.6153
2080,8.59591,0.0543402,1.58065,0.0581855,3.09299,3.11993
2079,12.7397,0.0636034,1.00074,0.264085,105.892,106.311
2078,10.5186,0.0566086,0.684864,0.146067,19.6479,19.7608
2077,10.5186,0.0321846,1.00074,0.235703,39.9107,48.9997
2076,11.6599,0.147046,1.02005,0.290885,92.0917,92.4304
893,13.6952,0.0768367,1.74987,0.208439,87.5145,87.9094
2074,8.98656,0.0491051,1.15292,0.367409,52.816,83.4012
2073,11.6599,0.155823,1.13921,0.290152,98.5446,98.8977
2072,13.0907,0.105055,1.22339,0.390103,280.832,281.644
2071,14.8528,0.121692,1.22339,0.199959,102.446,102.914
2070,16.2684,0.105055,1.22339,0.390103,539.004,540.563
2069,7.56247,0.149795,1.22339,0.390103,51.437,51.5858
2068,11.6599,0.102914,1.22339,0.390103,198.921,199.496
2067,8.2767,0.105055,1.22339,0.390103,70.9789,71.1842
2066,11.6599,0.102914,1.22339,0.390103,198.921,199.496
2065,11.6599,0.121692,1.22339,0.390103,194.757,195.321
2064,14.2273,0.0965061,1.22339,0.390103,363.96,365.013
2063,16.2664,0.0992819,1.22339,0.390103,542.279,543.848
2062,14.301,0.105055,1.22339,0.390103,366.149,367.208
2061,15.2405,0.117818,1.22339,0.390103,436.834,438.098
1867,11.6599,0.102914,0.77942,0.390103,198.921,199.496
159,11.6599,0.102914,1.22339,0.390103,198.921,199.496
2013,15.8601,0.0935514,1.58065,0.196557,130.026,130.618
2057,11.6599,0.105055,1.22339,0.470247,320.031,320.82
2056,12.5057,0.0768367,1.7957,0.11843,31.1623,31.3435
560,12.5057,0.0761514,1.7957,0.11843,31.1854,31.3668
2054,17.302,0.0768367,1.43329,0.0580645,38.8666,39.1573
2053,17.8429,0.0641498,1.71656,0.282677,414.404,415.861
2052,11.5093,0.0731054,1.33644,0.0657818,13.4229,13.5182
2051,8.95242,0.0888523,1.58065,0.094077,9.04609,9.10273
2050,8.95242,0.0888523,1.58065,0.094077,9.04609,9.10273
1963,8.95242,0.0888523,1.58065,0.094077,9.04609,9.10273
2048,9.40787,0.101702,1.64508,0.0851846,9.54519,9.60659
2047,9.78125,0.157349,1.26168,0.483111,199.637,200.111
2046,13.6952,0.0457639,1.7867,0.104464,40.8649,41.1053
2045,21.266,0.117818,1.75511,0.195101,356.338,357.878
2044,19.9029,0.0487661,1.85632,0.102875,126.376,127.116
2043,11.3607,0.0731054,1.85632,0.135694,32.8714,33.0422
2042,10.5186,0.0566086,1.33433,0.235703,66.2365,66.4901
2041,10.6205,0.175968,1.60499,0.643885,180.859,507.102
2040,11.6599,0.121692,1.04827,0.480446,359.782,360.63
1754,11.6599,0.110279,1.60499,0.480446,364.457,365.316
2038,13.9236,0.0607302,1.22339,0.238012,169.065,169.691
2037,17.302,0.0768367,1.22339,0.212595,267.786,268.837
2036,17.302,0.038549,1.22996,0.136244,145.14,145.849
2035,11.6921,0.134053,1.11874,0.390103,246.475,247.133
2014,15.2405,0.100161,0.979485,0.390103,567.242,568.756
1870,11.6599,0.105055,1.22339,0.326713,177.029,177.561
2033,14.0638,0.0948292,0.655447,0.816609,1410.75,2477.42
2032,14.0638,0.0948292,0.91722,0.816609,849.872,2477.42
2031,16.1511,0.114821,1.35873,0.816609,1595.12,3669.43
20,16.1511,0.114821,0.91722,0.816609,1595.12,3669.43
1765,14.1628,0.044993,0.99041,0.681765,273.326,1751.45
2027,11.6599,0.121692,1.54377,0.390103,264.832,265.523
2026,12.408,0.121692,1.41916,0.146333,61.0303,61.307
2025,12.408,0.157958,1.36996,0.225062,110.914,111.32
2024,17.302,0.0768367,1.7957,0.176645,227.1,228.042
2023,20.1799,0.151689,1.82483,0.104598,170.195,171.077
2022,32.2339,0.109391,1.10811,0.0668112,479.11,481.964
2021,23.019,0.109391,1.82483,0.104598,265.204,266.577
2020,13.1276,0.0637104,1.7867,0.0930686,46.2838,46.5326
2019,13.936,0.0669113,2.08493,0.489044,624.565,787.242
2018,13.936,0.0366356,2.08493,0.432883,333.894,627.089
2017,27.9059,0.0768367,1.06033,0.0847258,409.197,411.448
2016,15.5336,0.121692,1.91757,0.309337,408.637,409.867
2015,13.0893,0.0700457,1.91757,0.309337,258.876,259.655
2034,11.6599,0.093234,0.725228,0.267249,125.6,126.025
2058,11.6599,0.110041,1.81025,0.470247,318.248,319.033
2012,11.5093,0.0314367,1.58065,0.269239,96.2265,143.956
2011,11.5093,0.0292936,1.58065,0.207976,77.474,93.9899
2010,16.8963,0.0522464,1.58065,0.291112,510.697,512.289
2009,11.5093,0.043509,1.58065,0.207976,92.26,92.6134
2029,13.2544,0.102686,1.54377,0.390103,397.434,398.472
2007,21.0674,0.0522464,1.72448,0.207976,560.711,562.824
2006,21.3413,0.0522464,1.58065,0.266953,881.863,884.758
2005,15.2813,0.0731054,1.58065,0.207976,209.276,210.065
2004,5.84279,0.0731054,1.58065,0.26519,8.0835,17.5521
2003,11.5093,0.0731054,1.58065,0.273743,141.39,141.847
2002,11.6599,0.121692,1.60499,0.439299,349.466,350.298
2001,9.32454,0.105055,2.00721,0.30308,88.5793,88.8474
2000,8.82387,0.0564833,1.24898,0.207976,42.8944,43.0542
1999,17.3312,0.0985069,1.7078,0.155919,205.414,206.289
1998,16.6409,0.0864269,1.22339,0.229515,326.646,327.796
580,13.5718,0.0731054,1.3052,0.115819,71.2692,71.6109
1997,11.5093,0.0676936,1.92075,0.156991,66.5876,66.8651
1686,9.70378,0.0845816,2.11257,0.282748,96.4615,96.7591
1435,9.70378,0.0845816,2.06442,0.282748,96.4615,96.7591
1994,10.0381,0.106965,1.12911,0.26513,96.8862,97.1924
1993,6.46424,0.106965,1.12911,0.26513,25.8737,25.9555
1743,10.0381,0.102352,1.12911,0.26513,97.3866,97.6944
1798,11.6532,0.0768367,1.71518,0.191097,95.3295,95.6852
1991,15.8601,0.0812599,1.58065,0.0884895,105.526,106.044
1990,15.8601,0.0812599,1.58065,0.0884895,105.526,106.044
1989,12.9158,0.109844,1.35798,0.29217,256.169,256.922
1988,11.3397,0.0731054,1.58065,0.104814,46.5307,46.7456
1987,12.408,0.136464,2.83809,0.403527,406.671,407.645
1986,13.6952,0.0455205,1.15604,0.0712879,63.1263,63.4475
1985,4.41244,0.105055,1.34527,0.435151,3.29469,22.2699
1984,13.6952,0.0768367,1.15604,0.136611,116.366,116.843
1943,17.302,0.0768367,0.902573,0.14449,251.125,252.132
1982,15.8601,0.0888523,1.58065,0.0977794,129.779,130.371
1981,21.128,0.0811736,1.19444,0.187369,639.144,641.433
1980,8.89784,0.06867,0.744075,0.406892,130.768,171.901
1979,15.2405,0.117818,1.22339,0.195101,245.876,246.737
1978,15.8601,0.0731054,1.58065,0.159673,228.199,229.066
1977,8.85766,0.0287694,2.04162,0.508844,72.5925,279.48
341,19.2791,0.105608,1.7867,0.166127,419.867,421.431
1976,12.408,0.121692,1.91757,0.185949,131.04,131.5
1975,8.15741,0.0934397,0.987336,0.698093,220.158,410.812
1974,9.73438,0.0934397,0.987336,0.698093,409.102,698.089
1973,13.936,0.0600672,1.58065,0.489044,694.149,1002.07
1972,17.3999,0.0600672,0.98222,0.614092,984.014,3128.49
1971,12.8878,0.0418311,1.45424,0.260799,241.138,266.193
1970,23.6299,0.0768367,1.22339,0.119548,604.788,607.26
1969,11.5093,0.0541682,1.72543,0.115651,69.6323,69.9195
1968,17.302,0.0520835,1.476,0.294173,782.076,788.995
1967,17.302,0.0869144,1.46055,0.294173,757.909,760.004
1966,17.302,0.0608632,1.66511,0.281637,728.853,730.913
1965,7.62557,0.0738541,3.06161,0.207976,39.2807,39.4481
1964,11.5093,0.0738541,2.23535,0.204358,132.005,132.442
2049,9.40787,0.0768367,1.7867,0.0851846,9.8094,9.8725
1962,15.8601,0.0812599,1.58065,0.0542533,108.407,108.933
1961,17.302,0.0831399,1.22339,0.104598,226.397,227.335
1960,10.5186,0.0664187,1.3454,0.235703,131.54,131.939
1959,8.66345,0.105055,0.748099,0.201768,57.1124,57.2984
1958,13.6854,0.0427459,2.33578,0.201401,237.066,241.795
1766,17.3312,0.118034,1.22339,0.137341,288.025,289.114
144,26.1315,0.0768367,1.22339,0.153056,1160.9,1165.12
1955,11.6599,0.11363,2.2969,0.154666,110.29,110.677
1954,8.73291,0.125836,2.74036,0.255144,86.0123,86.2565
1953,11.6599,0.125836,2.2969,0.241417,189.186,189.738
1952,17.302,0.0768367,1.07636,0.388146,1394.26,1397.59
1951,21.4842,0.0768367,1.07636,0.293483,1681.85,1686.3
1950,8.52712,0.0779111,1.07762,0.637875,123.798,437.789
1949,9.2287,0.0445967,1.22419,0.235703,76.5305,101.206
1886,10.631,0.0718946,0.806076,0.282748,196.51,197.146
1946,6.82186,0.105233,1.24006,0.499805,103.66,144.247
1945,13.2198,0.149795,1.29979,0.212205,263.183,263.955
1944,11.5093,0.0731054,1.33644,0.12089,106.872,107.251
1983,15.8601,0.111076,1.13097,0.0977794,126.613,127.191
1942,6.33032,0.0731054,1.58065,0.0794873,12.2412,13.3645
112,21.7861,0.0398867,0.952952,0.140186,517.589,878.922
1940,11.7949,0.0888523,1.58065,0.0582211,72.5361,72.8348
1939,15.8601,0.049238,1.58065,0.0977794,250.633,251.564
1938,15.8601,0.131702,1.58065,0.107827,246.387,247.28
1937,9.7014,0.0768367,1.07636,0.153859,82.5062,82.7751
1936,19.366,0.0802747,1.66116,0.616732,2674.4,5282.37
1935,19.366,0.0802747,1.01422,0.616732,3729.99,5282.37
1934,23.2686,0.0802747,1.66116,0.616732,6678.5,9162.53
1933,16.661,0.0802747,1.66116,0.616732,954.519,3363.62
1932,17.3312,0.0768367,1.22339,0.0765451,273.281,274.348
1931,17.3312,0.0768367,1.22339,0.137341,440.389,441.856
1930,11.9557,0.109391,1.82483,0.104598,111.635,112.035
1929,20.1799,0.0768367,1.82483,0.104598,556.452,558.448
1928,20.1799,0.0768367,1.82483,0.104598,556.452,558.448
1927,20.7667,0.0768367,1.68198,0.104598,606.416,608.592
115,10.2047,0.0731054,1.58065,0.220323,154.518,154.948
92,11.3397,0.0731054,1.58065,0.220323,212.021,212.611
1016,16.8997,0.0330707,1.04484,0.416496,871.769,1891.11
1290,14.7957,0.072383,1.57457,0.149818,324.686,325.709
1696,10.2237,0.0522464,1.58065,0.207976,139.65,155.939
1441,11.5093,0.0522464,1.58065,0.207976,209.01,222.476
226,20.2921,0.0888523,2.30617,0.0528288,428.829,430.51
1919,9.84417,0.145603,1.22339,0.522125,486.803,578.727
1918,10.5017,0.121692,1.08211,0.429692,523.158,524.138
1917,19.4852,0.074763,1.74249,0.158789,1023.61,1026.51
1916,19.4852,0.058,1.83852,0.158789,1042.16,1045.11
1915,11.4211,0.100776,1.22339,0.22293,285.662,286.38
1914,8.14303,0.119646,1.22339,0.22293,101.362,101.617
1912,12.408,0.121692,1.41916,0.429692,511.312,880.792
1911,12.408,0.157913,1.41916,0.429692,498.828,844.467
1910,16.5674,0.121692,1.41916,0.429692,2092.77,2096.67
1909,11.6599,0.108411,1.22339,0.534694,803.712,1072.78
1908,8.95242,0.0888523,1.08225,0.094077,68.3416,68.5594
1906,16.7467,0.102914,1.73245,0.558925,2655.19,3504.22
1905,12.408,0.0756872,1.22835,0.390103,722.398,815.895
1904,12.408,0.0839803,1.41916,0.390103,755.565,808.575
1903,12.408,0.0889225,1.41916,0.390103,769.774,804.213
1902,10.158,0.133238,1.41916,0.390103,418.985,419.799
1901,19.7571,0.0768367,1.9987,0.0611041,629.935,632.058
1920,10.4471,0.0768367,1.22339,0.268586,261.947,268.357
1898,11.3397,0.0731054,1.58065,0.104814,160.781,161.272
1897,11.3397,0.0975053,1.58065,0.104814,156.548,157.026
1896,17.3312,0.0768367,1.27341,0.119548,624.637,626.489
1895,11.6599,0.202916,0.798841,0.252745,331.61,332.388
1894,12.9158,0.105055,1.93874,0.499805,803.015,1374.55
227,17.3312,0.0768367,1.02744,0.0638655,458.281,459.787
1892,17.3312,0.0964246,1.11555,0.137341,719.659,721.679
1891,17.302,0.0898942,0.99041,0.378486,2177.52,2206.91
1890,23.6299,0.0768367,1.50721,0.119548,1688.55,1693.45
1889,17.3312,0.0768367,1.22339,0.119548,666.221,668.154
1888,17.3312,0.0768367,1.13851,0.165432,859.591,861.881
1887,17.3312,0.0768367,1.22339,0.119548,666.221,668.154
1948,10.7189,0.0566086,1.47366,0.235703,166.471,173.658
1922,11.2971,0.114881,0.843582,0.777998,1184.84,1276.14
1884,11.3397,0.0731054,1.58065,0.159673,236.303,236.938
1883,21.6328,0.0731054,1.58065,0.159673,1640.63,1645.03
1882,15.8601,0.0731054,1.58065,0.159673,646.532,648.268
1881,15.8601,0.0731054,1.58065,0.159673,646.532,648.268
1880,10.4191,0.0731054,1.52992,0.159673,183.264,183.79
177,20.4921,0.0667516,1.58065,0.159673,1404.09,1407.86
1878,17.3209,0.166735,1.01567,0.564325,3937.6,3943.7
1877,11.9496,0.0718946,1.48186,0.282748,486.239,521.939
1876,12.2442,0.0590661,1.58065,0.282748,476.601,569.26
194,12.2442,0.0718946,1.58065,0.282748,525.863,561.499
1874,11.5093,0.0522464,2.71265,0.125723,208.32,221.54
1873,11.5093,0.0394107,2.71265,0.125723,175.223,224.54
1872,11.5093,0.0354421,2.71265,0.125723,160.238,225.468
1871,21.128,0.0811736,1.42831,0.14449,1473.38,1477.38
1869,19.9029,0.0731054,1.24851,0.123256,1133.24,1136.41
124,8.68343,0.0768367,2.26468,0.119548,91.9247,92.3235
1866,14.4171,0.105055,1.22339,0.196785,633.863,635.402
2060,13.3932,0.0583898,1.68565,0.390103,317.185,332.238
1865,12.2694,0.0662682,1.00074,0.59162,631.75,1724.62
1864,10.5186,0.090228,1.44246,0.59162,392.39,1058.78
1863,10.5186,0.0662682,1.00074,0.59162,526.983,1086.67
1862,7.45873,0.105055,1.07762,0.637875,191.018,371.357
1861,12.0114,0.0674098,1.07762,0.637875,643.594,1616.1
1860,11.6599,0.105055,1.07762,0.598217,982.619,1418.67
1859,11.6599,0.105055,1.22339,0.419412,704.162,898.933
1858,10.6542,0.0941557,1.30221,0.820986,1000.62,1095.51
1857,8.92376,0.0768367,1.50399,0.104598,106.057,106.547
224,20.1799,0.0768367,2.0591,0.104598,1242.31,1245.72
1855,17.6821,0.0768367,1.7867,0.164039,1213.63,1216.57
1854,13.6952,0.0768367,1.7867,0.119548,450.917,452.095
1925,11.5093,0.0522464,1.69861,0.275777,267.603,310.978
1852,18.1739,0.0581732,1.61309,0.137061,1166.37,1179.27
1851,13.6952,0.102701,1.7867,0.119548,438.284,439.428
1850,10.1793,0.0768367,1.7867,0.119548,185.107,185.64
1849,13.6952,0.0500064,1.7867,0.119548,427.441,465.234
1848,13.6952,0.0710608,1.7867,0.176832,598.194,604.727
1847,7.86398,0.0917779,1.00074,0.80385,345.928,441.692
1846,12.4308,0.0948292,1.14705,0.155748,412.878,413.878
1845,10.2034,0.0948292,1.72159,0.174737,249.984,250.572
1844,8.44142,0.105055,0.965334,0.229954,181.039,182.637
285,6.68952,0.140854,1.07762,0.402167,160.384,169.165
1842,7.30536,0.106565,0.999047,0.766153,292.082,348.328
1841,10.0168,0.0768367,2.14748,0.119548,191.937,193.524
1840,12.7397,0.0445967,1.45588,0.235703,468.272,706.141
1839,15.9641,0.0445967,1.45588,0.145067,430.913,922.213
1838,11.6599,0.147042,1.60499,0.480446,1078.69,1184.88
1837,19.3429,0.0768367,0.892507,0.104598,1307.59,1310.98
1836,9.47948,0.105055,1.07762,0.299264,346.008,355.909
1835,13.9826,0.152147,0.906996,0.579793,2317.82,2317.82
1834,17.302,0.0948567,1.43307,0.169162,1279.57,1282.53
1833,13.8876,0.121692,2.64272,0.238078,871.042,872.863
1832,12.408,0.121692,3.90307,0.238078,621.247,622.546
1831,16.5493,0.121692,2.64272,0.238078,1474,1477.08
1830,12.408,0.121692,2.64272,0.238078,621.247,622.546
1829,14.2096,0.121692,1.97317,0.238078,933.055,935.005
1828,8.44709,0.121692,1.33068,0.238078,196.012,196.422
1827,12.408,0.143296,2.64272,0.324275,720.047,853.016
1826,17.302,0.0608632,1.19444,0.528554,2058.34,4864.3
1825,9.70708,0.0812599,1.58065,0.0638302,137.409,137.786
173,11.5093,0.0522464,2.34482,0.125723,279.253,330.759
1823,21.8619,0.0768367,1.22339,0.113283,2128.46,2133.75
1822,17.302,0.0768367,1.22339,0.268586,2007.91,2112.16
1821,17.6639,0.0768367,1.44902,0.0887372,1001.65,1004.24
1820,17.6639,0.0768367,1.73516,0.124756,1199.47,1202.38
1819,13.6952,0.0768367,1.7867,0.144031,618.332,620.254
1818,13.6952,0.0768367,1.7867,0.177259,712.148,722.044
1817,7.97014,0.0768367,1.7867,0.119548,97.8755,108.743
1816,7.97014,0.0768367,1.7867,0.119548,97.8755,108.743
1815,10.651,0.0636034,1.47033,0.235703,349.243,444.139
1814,6.78851,0.0508002,1.00074,0.235703,30.9779,116.567
1813,12.7397,0.0636034,1.00074,0.235703,639.897,760.027
1500,17.7118,0.0768367,1.7867,0.164559,1495.25,1498.67
1811,17.302,0.0768367,1.22339,0.158528,1402.87,1406.34
1810,9.78704,0.106565,0.998146,0.442612,518.974,717.226
1809,9.78704,0.157107,0.998146,0.766153,790.181,790.181
1808,5.62862,0.106565,0.998146,0.776171,110.645,159.319
1807,11.6599,0.153648,1.22339,0.313802,655.698,743.265
1806,15.8601,0.073168,1.05685,0.0977794,852.898,854.986
1805,15.8601,0.0888523,1.58065,0.0977794,838.465,840.517
1804,15.8601,0.0888523,1.58065,0.0977794,838.465,840.517
1803,15.9634,0.0888523,1.58065,0.0977794,854.952,857.045
1802,11.6599,0.105055,1.22339,0.284733,618.726,733.828
1801,13.089,0.0768367,1.22339,0.212595,778.255,832.397
1800,15.5253,0.0812599,1.58065,0.0687258,734.203,736.047
1799,14.1688,0.0335053,1.40039,0.153245,500.786,884.577
1112,10.0381,0.0689047,1.12911,0.183918,287.937,347.024
1797,13.6952,0.104395,2.34802,0.119548,332.453,645.13
1796,13.6952,0.0768367,1.7867,0.119548,660.665,664.981
1795,13.6952,0.0768367,1.82147,0.119548,660.665,664.981
1794,13.6952,0.0501784,1.17782,0.119548,562.269,684.184
1793,13.6952,0.0501784,1.7867,0.118568,560.592,681.117
1792,13.6952,0.0768367,1.7867,0.119548,660.665,664.981
1791,13.6952,0.0768367,1.7867,0.119548,660.665,664.981
1790,11.5093,0.039318,1.24918,0.183043,294.35,543.362
1789,12.2442,0.0718946,1.87667,0.282748,509.327,935.063
1788,14.2691,0.0718946,1.58065,0.282748,1050.26,1479.92
1787,10.2034,0.0718946,1.58065,0.387064,507.52,775.406
1786,12.4488,0.106565,1.25519,0.283562,813.137,952.304
1785,11.6599,0.102914,1.22339,0.390103,875.338,1140.54
1784,15.2405,0.12797,1.22339,0.390103,2217.38,2475.82
1783,17.3081,0.123058,1.22339,0.390103,3617.43,3646.77
1782,21.9984,0.0499521,1.05097,0.276223,3950.38,5489.68
1781,15.2405,0.254097,1.22339,0.185962,1008.15,1010.23
1780,7.17359,0.106565,0.998146,0.766153,301.691,329.817
1779,9.78704,0.106565,0.998146,0.766153,754.466,837.563
1778,9.78704,0.139705,0.998146,0.766153,806.495,806.495
1777,11.752,0.103697,1.0934,0.119548,418.328,419.28
169,17.302,0.0608632,1.45053,0.390103,2188.6,3977.4
1775,11.4114,0.0731054,1.58065,0.104814,376.968,393.856
1774,11.3397,0.0731054,1.4693,0.104814,369.427,386.474
1773,13.936,0.0669113,1.93966,0.489044,1276.2,2525.43
1772,11.5093,0.040178,2.34482,0.118319,270.754,449.681
1771,11.5093,0.040033,2.09142,0.0867809,248.534,389.592
1770,11.385,0.109943,0.705272,0.435772,1120.67,1285.17
1769,22.9839,0.0741053,1.7867,0.207499,4823.5,5042.75
197,17.7118,0.0741053,1.7867,0.207499,2160.36,2307.72
1767,11.5093,0.0522464,2.71265,0.125723,354.189,476.167
1957,9.72184,0.0502153,1.10557,0.662675,258.466,704.635
2028,11.6599,0.102686,1.54377,0.47178,402.986,403.907
1764,12.2442,0.0363638,2.05139,0.371749,137.15,1458.7
1763,19.9029,0.0731054,3.98771,0.16587,2797.75,2900.08
1762,25.5997,0.0731054,2.72759,0.16587,6034.55,6171.18
1761,23.3269,0.0731054,1.37235,0.22416,5465.02,5870.61
1760,12.9158,0.115584,0.957935,0.30308,1117.58,1285.7
1759,9.55433,0.0768367,1.7867,0.119548,242.086,269.183
1758,13.6952,0.0768367,1.7867,0.119548,772.534,792.781
1757,22.7275,0.0768367,1.36569,0.359632,6314.04,8862.37
1756,13.593,0.0768367,1.50659,0.268586,1016.06,1394.39
1755,11.6599,0.105055,1.14541,0.326713,860.763,1068.06
2039,6.09643,0.0543109,1.22339,0.314922,6.05742,24.0578
1753,11.5093,0.0522464,2.34482,0.125723,371.985,515.461
1752,11.5093,0.0728126,2.34482,0.125723,459.574,504.276
1751,11.5093,0.0522464,2.34482,0.125723,371.985,515.461
1750,15.9391,0.0522464,2.34482,0.125723,1112.21,1369.11
1749,11.5093,0.0522464,1.52142,0.121308,367.729,505.893
1748,11.5093,0.0727668,2.34482,0.125723,459.442,504.301
1747,11.5093,0.0522464,2.34482,0.125723,371.985,515.461
1746,10.6699,0.0522464,2.88297,0.125723,283.523,410.704
1745,8.61229,0.0568701,3.22171,0.125723,134.543,214.92
1744,11.5093,0.056919,2.34482,0.127059,398.296,515.824
1992,25.0763,0.063937,1.58065,0.0732484,355.348,357.197
1742,10.3571,0.0621302,2.08346,0.508844,416.794,1041.98
1741,19.2968,0.117818,2.68267,0.285753,2877.17,4199.48
1740,19.3296,0.0869144,1.476,0.197285,3141.82,3205.69
204,9.96009,0.121692,1.96264,0.238078,441.984,499.052
1739,11.6599,0.121692,1.54377,0.538739,1289.67,1392.3
1738,17.302,0.0670531,1.37174,0.390103,2171.76,4619.49
1737,27.8657,0.155137,1.11874,0.390103,17502.6,17529.3
1736,12.9158,0.105055,1.07762,0.499805,1928.24,1928.24
1735,12.9158,0.105055,0.744091,0.499805,1928.24,1928.24
1734,17.9561,0.0768367,1.7957,0.173228,2324.41,2456.44
1733,17.302,0.0768367,1.7957,0.206897,1777.43,2498.05
1732,11.5321,0.0629175,1.7957,0.206897,546.388,750.815
1731,15.6663,0.0717482,1.7957,0.206897,1432.02,1864.66
1730,23.3017,0.0731054,1.6604,0.140667,4677.65,4832.89
1729,23.3017,0.0394348,1.58065,0.145491,2677.89,5106.48
1728,9.40787,0.0768367,2.39452,0.0957278,234.878,265.051
1727,6.2668,0.0728663,2.06438,0.199183,27.4107,120.898
1726,7.96792,0.135324,2.06438,0.199183,186.318,231.754
1725,11.5093,0.0731054,1.33644,0.207976,546.941,776.24
1724,7.75901,0.121692,0.68642,0.231336,233.884,248.711
1723,22.6039,0.111576,1.22339,0.14449,4503.95,4512.84
1722,17.4433,0.176393,1.23994,0.390103,4371.26,4371.26
1229,17.302,0.0646091,1.07636,0.307082,2357.11,3841.75
1721,8.95242,0.0888523,1.58065,0.094077,223.03,239.039
1720,11.5093,0.0779655,2.72235,0.170539,604.151,698.455
1719,11.5093,0.064759,2.72235,0.125723,480.048,594.876
1718,11.5093,0.0795881,2.72235,0.125723,537.542,585.444
1717,11.6599,0.0975193,1.22339,0.390103,1049.12,1430.62
1716,17.302,0.0768367,1.22339,0.14449,2095.59,2229.97
1634,23.6658,0.111576,1.22339,0.14449,5481.14,5491.76
1714,12.408,0.0713727,1.62401,0.149057,730.503,871.503
1713,12.408,0.121692,1.91757,0.238078,1028.62,1135.92
1712,12.408,0.121692,1.91757,0.238078,926.328,1135.92
1711,12.408,0.145138,1.91757,0.261412,1158,1196.1
1710,10.5186,0.0662682,1.00074,0.809444,929.112,1086.67
1709,19.8453,0.0768367,1.22339,0.14449,3350.58,3564.02
1708,8.69337,0.0731054,1.58065,0.207976,217.786,379.256
1707,11.5093,0.0658315,1.58065,0.124168,514.984,650.628
1706,23.1427,0.0522464,1.58065,0.207976,4558.59,7316.02
1705,16.8963,0.0522464,1.58065,0.207976,1649.52,2847.14
1704,11.5093,0.0221528,1.58065,0.207976,104.176,928.453
1703,11.5093,0.0303952,1.58065,0.207976,209.716,920.627
1702,11.5096,0.0210541,1.58065,0.208074,90.4526,929.875
1701,11.5093,0.0899386,1.44439,0.207976,689.153,864.092
1700,11.6599,0.145603,1.22339,0.522125,1354.39,1354.39
1699,12.408,0.116079,1.17865,0.170779,926.4,928.564
1697,11.5093,0.0522464,2.34482,0.232796,374.148,1004.26
1900,13.6952,0.0780527,2.67086,0.119548,249.891,250.685
1695,11.5093,0.0522464,2.34482,0.232796,287.94,1004.26
1694,15.2,0.0941658,1.12907,0.167584,1734.64,1799.81
1693,12.8067,0.0636034,1.45319,0.336325,974.586,1945.25
1692,11.3397,0.0731054,0.869437,0.104814,516.534,605.829
1691,10.5186,0.0636034,1.00074,0.427796,631.912,1089.77
1690,10.6001,0.0636034,1.00074,0.367409,630.491,1115.29
1689,12.1515,0.0636034,1.00074,0.367409,1018.51,1680.16
1688,23.1866,0.0869144,1.88829,0.294173,7068.96,10186.2
1687,13.6952,0.0457639,1.7867,0.0966987,703.233,1104.68
1996,15.8601,0.0888523,2.30617,0.0702266,79.563,79.9904
1685,11.6599,0.0760715,1.22339,0.184489,661.908,926.676
1684,9.56126,0.105055,1.22339,0.326713,560.979,782.243
1683,11.6599,0.105055,1.22339,0.326713,1083.51,1418.67
1682,10.4521,0.0788692,1.59667,0.943538,843.242,1051.79
1681,12.408,0.121692,1.91757,0.309337,1261.86,1627.2
1680,11.8289,0.0522464,3.03597,0.125723,363.458,823.568
1679,12.408,0.121692,1.99797,0.356793,1551.96,1677.84
1678,8.71796,0.0651907,1.22419,0.156684,220.018,368.015
1677,11.5093,0.0522464,2.34482,0.207976,403.768,1042.77
1676,11.5093,0.0640463,2.34482,0.207976,515.382,1029.79
1675,12.1253,0.0640463,2.48623,0.207976,709.399,1204.12
1674,11.5093,0.0549437,1.2007,0.207976,507.668,1039.81
1673,11.6599,0.105055,1.22339,0.196785,926.373,992.669
437,10.2034,0.0948292,1.72159,0.250307,525.119,805.815
1672,10.5186,0.0566086,1.20181,0.235703,462.501,887.969
1671,11.5093,0.039318,2.84025,0.207976,268.97,1092.75
1670,11.5093,0.0522464,1.63379,0.207976,498.658,1105.01
1582,11.5093,0.0522464,1.63379,0.207976,421.589,1105.01
77,17.302,0.0768367,1.73634,0.0363257,1902.39,1975.76
9,11.5093,0.0441907,1.00274,0.207976,412.797,1127.24
1667,15.8601,0.0888523,0.897114,0.114952,1913.12,2154.13
1666,12.9799,0.0637179,1.0313,0.933363,1518.95,2047.49
1665,8.2688,0.0731054,2.19817,0.110278,184.931,308.689
1995,11.5093,0.0756281,0.863269,0.196025,93.9833,94.3313
1663,11.6599,0.0821602,1.17469,0.429268,1162.39,1454.96
1662,16.3529,0.0522464,1.21626,0.212679,1790,3494.07
1426,20.1798,0.105055,0.829235,0.470247,7354.44,7354.44
1544,11.6599,0.0929673,0.991723,0.262948,1130.2,1437.83
1547,10.6426,0.121692,0.866316,0.390103,1058.73,1058.73
1660,11.6599,0.105055,1.22339,0.297725,1219.89,1418.67
1659,19.099,0.0342046,1.22419,0.235703,2519.31,6592.18
1658,7.74876,0.117818,0.91027,0.195101,276.982,354.804
1657,10.8788,0.146125,1.22339,0.462009,1099.36,1099.36
1656,20.5187,0.0768367,1.02237,0.307993,6821.2,7975
1655,13.9236,0.0676687,1.78951,0.294173,1562.61,2516.65
1654,13.9755,0.117139,1.22339,0.400349,2409.89,2409.89
1653,15.8644,0.0723488,1.71656,0.390103,3267.06,3703.85
1652,15.8644,0.0723488,2.56704,0.502678,2685.84,3703.85
1651,17.0822,0.0693079,2.74477,0.125723,2398.12,3250.88
27,17.0822,0.0693079,1.87581,0.125723,2248.68,3250.88
1649,12.5057,0.107957,1.7957,0.11843,1081.16,1250.48
1603,12.5057,0.0768367,1.7957,0.11843,950.76,1294.1
1357,23.6299,0.0768367,1.22339,0.119548,7601.42,8821.86
1647,11.5093,0.0522464,2.34482,0.115007,470.819,1035.92
318,17.302,0.0768367,0.902573,0.210236,3217.05,4656.95
1645,11.5093,0.0522464,1.58065,0.207976,500.483,1406.17
1644,13.8877,0.0522464,1.58065,0.207976,1125.43,2470.47
1643,11.5093,0.043509,1.58065,0.207976,465.085,1419.13
1642,11.5093,0.0503614,1.58065,0.207976,554.042,1408.96
1641,11.5093,0.0443665,1.58065,0.207976,554.221,1417.86
1640,24.1615,0.104946,0.995298,0.57898,12624.7,12624.7
1639,22.6828,0.121692,2.28384,0.428071,10250.4,10250.4
1638,10.2385,0.0427459,2.43837,0.207976,232.117,1013.52
1448,10.2385,0.0427459,2.63491,0.207976,232.117,1013.52
1636,17.3312,0.0768367,1.93662,0.191676,2972.15,4574.28
1635,13.2145,0.107629,1.60675,0.390103,2059.17,2059.17
1349,17.2224,0.120844,1.58065,0.0977794,3072.02,3249.79
1633,17.302,0.0768367,1.00302,0.268586,3688.94,4781.57
1632,16.661,0.105055,0.691506,0.487408,4139.01,4139.01
1631,10.9899,0.105055,1.07762,0.431256,1187.89,1187.89
1630,10.0381,0.0613683,0.944557,0.403798,520.854,949.405
1629,9.89195,0.0442187,0.944557,0.403798,294.085,925.134
1628,19.9029,0.0731054,1.85632,0.112062,4233.76,5879.12
1627,19.9029,0.0731054,1.85632,0.135694,4372.11,6338.76
1626,11.6599,0.147046,2.2969,0.255144,1266.09,1352.11
1625,10.9368,0.147046,2.2969,0.228287,1115.81,1115.81
1624,14.4757,0.122372,0.570366,0.483111,2662.15,2662.15
1623,24.0723,0.0768367,1.7957,0.11843,8446.07,10710.5
1564,17.302,0.0768367,1.7957,0.11843,3001.57,3976.94
1622,17.4433,0.141756,1.53141,0.390103,4555.1,4555.1
1621,17.4433,0.141756,1.19471,0.390103,4555.1,4555.1
1620,14.7957,0.0670544,2.04493,0.228813,1971.69,3021.76
1469,27.9059,0.0768367,1.74011,0.0725884,12195.1,14948.5
1618,13.3711,0.109722,1.72159,0.511985,2128.28,2128.28
1617,8.68913,0.0968923,1.72159,0.511985,519.666,592.474
1616,15.3539,0.17959,1.91757,0.241901,2969.54,2969.54
1615,15.3539,0.17959,1.91757,0.238078,2969.54,2969.54
1614,15.2405,0.117818,1.09481,0.133918,2648.7,2871.54
1613,11.5093,0.043509,1.58065,0.306681,550.157,1458.25
1612,11.6763,0.0439915,1.17298,0.207976,549.972,1521.86
1611,11.3637,0.0451775,1.17298,0.207976,512.567,1401.14
1610,11.5093,0.039318,2.34656,0.129658,325.719,1341.53
1609,15.0683,0.0738541,2.83923,0.207976,2236.23,3168.66
1608,17.2076,0.0738541,2.23535,0.207976,3183.33,4718.89
1607,11.5093,0.0427459,2.35174,0.197302,498.413,1459.41
1606,11.5093,0.0507978,2.33578,0.197302,612.306,1447.14
1605,15.9934,0.0623071,1.72617,0.206347,2161.92,3836.07
1485,19.9029,0.0731054,1.24851,0.0988221,4600.18,6143.95
1604,12.7156,0.0390588,1.00074,0.385103,897.455,1975.62
1601,16.0765,0.0934355,0.79086,0.212595,3573.78,3766.78
1715,15.8499,0.17959,2.76542,0.297886,2690.7,2695.01
1599,8.66345,0.105055,1.07762,0.402167,581.928,581.928
1598,6.68952,0.105055,1.07762,0.402167,255.543,267.905
1597,6.68952,0.148097,1.07762,0.354878,255.021,255.021
812,15.8601,0.0888523,2.30617,0.0977794,2191.35,2674.57
1595,11.0775,0.0528624,1.58065,0.508844,694.322,1287.49
1594,16.5861,0.0857645,1.3052,0.12089,3289.53,4145.1
1593,12.1572,0.102456,1.82483,0.132504,1283,1612.73
1592,20.1799,0.0768367,1.82483,0.104598,5381.78,7263.33
1591,20.1799,0.0854123,1.82483,0.104598,5725.02,7195.85
1590,13.4185,0.154338,1.14978,0.504399,2043.21,2043.21
1589,22.438,0.0677743,1.15622,0.12506,7530.09,10531
1588,11.5093,0.0444069,1.23819,0.106247,516.178,1423.26
1587,19.2791,0.105608,0.953318,0.149221,6073.77,6408.93
1586,19.2791,0.105608,2.49161,0.149221,5828.75,6408.93
1585,17.3312,0.0768367,1.44437,0.140186,3587.41,4805.81
1584,13.6952,0.0457639,1.7867,0.0917372,940.061,2344.15
1583,19.9029,0.0731054,1.85632,0.135694,5115.08,7307.64
1669,17.302,0.0768367,1.22339,0.104598,2294.25,2705.46
1581,17.302,0.105202,1.22339,0.268586,4634.65,4634.65
1580,22.1148,0.0768367,1.22339,0.268586,9310.81,9984.5
1579,23.4467,0.0768367,1.22339,0.268586,11186.3,11899.4
1578,5.10128,0.0934685,1.2656,0.629392,53.1178,120.343
1577,7.12201,0.0709863,0.809519,1,215.81,335.606
1576,6.24726,0.0603783,1.00074,0.891733,96.6752,229.098
1575,14.2926,0.0948292,1.72159,0.201872,2524.12,2642.8
1574,11.9709,0.0948292,1.3456,0.250307,1514.9,1552.77
1571,11.3397,0.0731054,1.13615,0.104814,884.557,1351.55
1570,9.27013,0.0731054,1.58065,0.104814,413.955,738.393
1569,12.1577,0.0636034,1.00074,0.234394,529.164,1682.74
1568,19.335,0.0315919,1.24851,0.0839856,2324.95,6999.92
1567,12.2442,0.0718946,0.979277,0.282748,1362.31,1703.69
1566,11.6599,0.145603,1.22339,0.522125,1354.39,1354.39
1565,11.6599,0.105055,1.34419,0.522125,1418.67,1418.67
1572,9.57501,0.0963758,0.929566,0.395549,793.243,793.243
1563,9.70378,0.0718946,1.58065,0.337071,630.528,848.047
1562,7.45754,0.0920952,1.58065,0.282748,289.387,376.554
1561,12.2442,0.0718946,1.58065,0.28896,1245,1703.69
1560,10.2218,0.084744,1.22339,0.522125,977.508,977.508
1559,12.2442,0.0470754,0.8206,0.282748,860.462,1749.25
1558,14.9042,0.0581716,1.60945,0.521824,2442.6,3118.18
1557,23.6299,0.0872618,0.701295,0.119548,11029.1,12042.9
1556,17.3312,0.0768367,0.782842,0.159263,4122.04,4805.81
1555,10.6697,0.0768367,1.22339,0.140186,810.08,1121.34
1554,15.8601,0.0774807,1.58065,0.057506,2574.66,3544.18
1553,15.2405,0.0588834,1.71656,0.299744,2440.93,3331.5
1552,17.302,0.0768367,1.23977,0.104598,3842.98,4781.57
1551,15.6796,0.0817981,1.04023,0.475998,3539.5,3539.5
1550,11.4211,0.119646,1.27162,0.22293,1311.54,1311.54
1549,10.2034,0.0948292,2.21449,0.394029,961.539,961.539
1548,10.2034,0.0948292,2.21449,0.536662,961.539,961.539
1546,19.0758,0.0608632,1.2456,0.201779,4867.91,6518.99
1545,12.6309,0.122279,1.72985,0.254326,1768.71,1768.71
1543,11.6599,0.0793615,1.22339,0.117657,1099.26,1459.4
1542,7.76808,0.0332134,1.35055,0.313288,50.2802,453.181
1541,17.6639,0.0551662,1.73516,0.0887372,3101.06,5207.31
1540,11.6599,0.102914,1.11249,0.531294,1422.06,1422.06
344,14.339,0.0917745,1.00074,0.420162,2677.63,2677.63
1539,11.5093,0.0384382,1.33644,0.12089,508.503,1465.98
1538,11.5093,0.0731054,1.33644,0.207976,1118.22,1413.13
1537,11.2616,0.0894473,1.16087,0.48281,1300.47,1300.47
1536,14.4301,0.128242,0.858973,0.392366,2619.4,2619.4
1535,13.0726,0.0997477,1.96192,0.30308,2011.17,2011.17
1534,18.463,0.084586,0.754387,0.319166,5761.35,5761.35
1533,10.4521,0.0774048,1.07509,0.441186,1053.46,1053.46
1532,10.4521,0.0702131,1.34556,0.762485,1061.67,1061.67
1531,13.8434,0.0774048,1.07509,0.866136,2447.6,2447.6
1530,27.8657,0.117818,1.11874,0.390103,19088.3,19088.3
1529,15.8601,0.0888523,1.58065,0.0977794,3535.35,3635.04
74,15.8601,0.0561583,1.58065,0.0977794,2299.21,3765.48
53,24.5528,0.0768367,2.34324,0.104598,12480.6,13664.1
995,20.1799,0.0768367,1.82483,0.104598,6547.5,7586.41
1526,10.6542,0.114955,1.41064,0.671454,1070.35,1070.35
965,12.7422,0.084707,1.41064,1,1893.64,1893.64
1524,13.3536,0.121692,2.32886,0.190831,2091.41,2091.41
1523,17.302,0.0666206,2.38401,0.0611041,3570.61,4834.48
1522,22.4787,0.0768367,1.73634,0.0611041,9275.46,10485.6
1521,11.4211,0.159744,1.22339,0.390103,1251.8,1251.8
1520,11.4211,0.119646,1.58708,0.390103,1311.54,1311.54
1519,7.26548,0.0908528,1.22339,0.390103,323.84,348.68
1518,15.8601,0.0515333,1.58065,0.159673,2444.02,3783.93
1517,17.302,0.0762658,0.99041,0.262664,4784.52,4784.52
1516,17.4433,0.176393,1.22068,0.470731,4371.26,4371.26
1515,12.408,0.121692,2.64272,0.238078,1677.84,1677.84
1514,12.408,0.121692,3.14444,0.238078,1677.84,1677.84
1513,11.5093,0.0346803,2.0913,0.240989,424.032,1471.71
1512,12.408,0.121692,1.41916,0.350939,1677.84,1677.84
1511,12.7397,0.0445967,1.45588,0.330567,1106.06,1975.43
1510,17.2253,0.0811736,1.22454,0.146914,4696.08,4696.08
1509,5.86991,0.0718946,1.58065,0.282748,50.2313,187.712
1508,10.2034,0.0718946,1.58065,0.282748,844.94,985.901
1507,11.6599,0.105055,1.06639,0.326713,1418.67,1418.67
1506,9.3708,0.0592895,1.61536,0.373294,581.331,774.081
73,10.5186,0.0636034,1.00074,0.290551,831.48,1089.77
1505,10.5186,0.0459645,1.00074,0.309377,555.38,1110.3
1504,11.4399,0.0650625,1.58065,0.390731,1393.77,1399.75
1503,11.5093,0.0731054,1.33644,0.0657818,1028.15,1413.13
1254,20.5016,0.105055,1.01567,0.470247,7711.85,7711.85
413,10.8788,0.121692,1.22339,0.231336,1130.82,1130.82
1812,26.8774,0.114772,0.992872,0.0977794,3773.76,3783.15
516,11.3397,0.0731054,1.58065,0.104814,1093.98,1351.55
1463,11.6599,0.121692,1.61197,0.390103,1392.3,1392.3
1497,13.6952,0.0768367,1.91664,0.119548,2237.42,2371.29
1496,22.2618,0.0723488,1.20045,0.300257,10234.4,10234.4
1495,8.66345,0.0560169,1.07762,0.201768,326.221,613.814
1494,8.12955,0.0636034,1.00074,0.367409,371.204,503.106
1493,21.128,0.0811736,1.42831,0.184552,8665.84,8665.84
1492,15.8601,0.0453172,1.58065,0.192456,2565.1,3808.73
1491,15.8601,0.0731054,1.58065,0.192456,3697.87,3697.87
1489,23.0067,0.0717796,1.1319,0.268586,11303.5,11303.5
1488,13.243,0.108717,1.40122,0.619595,2070.02,2070.02
1487,12.408,0.121692,1.3186,0.429692,1677.84,1677.84
1486,16.661,0.105055,1.81474,0.487408,4139.01,4139.01
1483,13.6952,0.0768367,2.32222,0.119548,2282.87,2371.29
1482,13.6952,0.0768367,1.7867,0.164774,2362.94,2371.29
1481,7.97014,0.0768367,1.7867,0.119548,327.478,467.387
1480,14.4757,0.12523,1.07762,0.447778,2653.48,2653.48
1479,10.2034,0.0948292,0.995801,0.413721,961.539,961.539
1478,10.2034,0.0561247,1.45901,0.202561,660.478,1002.65
1477,11.6599,0.0849327,1.21699,0.326713,1450.57,1450.57
1476,7.92627,0.105055,1.22339,0.326713,445.659,445.659
1475,11.6599,0.105055,1.22339,0.326713,1418.67,1418.67
1474,17.302,0.0976705,1.43329,0.104598,4673.66,4673.66
1473,10.5186,0.0636034,0.918749,0.205034,863.454,1089.77
1472,11.6599,0.121692,1.33,0.23188,1392.3,1392.3
1471,8.43671,0.121692,1.67137,0.390103,527.432,527.432
385,13.5104,0.0652588,1.02067,0.749394,2305.11,2305.11
1619,16.421,0.105055,1.07762,0.460446,3962.75,3962.75
1468,15.8644,0.0723488,1.71656,0.390103,3703.85,3703.85
1467,17.302,0.0941982,1.52562,0.294173,4691.64,4691.64
1466,13.6952,0.0768367,1.7867,0.119548,2371.29,2371.29
1228,13.6952,0.0634548,1.7867,0.119548,2076.14,2405.67
1465,14.7957,0.0765024,1.47086,0.138211,2991.16,2991.16
1464,11.6236,0.0768244,1.95469,0.181304,1449.78,1449.78
1498,13.6952,0.0768367,0.985022,0.119548,2310,2371.29
1462,10.078,0.1295,1.07762,0.418214,891.037,891.037
1461,9.99875,0.105055,1.22339,0.458221,894.609,894.609
554,13.076,0.121692,1.30351,0.310593,1963.7,1963.7
1459,10.5185,0.0898483,1.42505,0.390103,1059.18,1059.18
1458,11.4551,0.0676617,0.82484,0.159673,1336.57,1401.42
1457,11.3397,0.0588501,1.58065,0.0808232,891.804,1372.33
381,15.8601,0.0731054,1.58065,0.15624,3697.87,3697.87
1456,17.302,0.0768367,1.22339,0.158528,4781.57,4781.57
1455,12.408,0.0724567,2.74125,0.199183,1771.89,1771.89
1454,19.4852,0.0472708,1.74249,0.0873633,4825.55,7048.33
1453,19.4852,0.058,1.74249,0.158789,6560.91,6968.96
1452,10.0381,0.106965,1.06473,0.403798,903.285,903.285
1451,13.6952,0.0768367,1.7867,0.119548,2371.29,2371.29
1502,11.5093,0.0549437,3.16305,0.221779,870.532,1440.82
127,15.8601,0.0888523,1.58065,0.0977794,3585.83,3635.04
1449,11.2671,0.121692,1.40115,0.396688,1256.29,1256.29
1637,8.31507,0.0640463,1.24375,0.207976,209.288,533.221
789,10.091,0.121692,3.0703,0.332788,902.505,902.505
152,10.091,0.121692,1.81603,0.332788,902.505,902.505
1445,16.8963,0.0522464,1.58065,0.207976,3967.1,4571.64
1444,16.8963,0.0522464,1.58065,0.207976,3967.1,4571.64
1443,11.5093,0.043509,1.58065,0.201459,917.804,1458.25
1442,15.8343,0.0767318,1.58065,0.207976,3665.46,3665.46
1115,23.4467,0.0768367,1.22339,0.268586,3026.52,3033.69
1440,11.5093,0.0731054,1.58065,0.207976,1413.13,1413.13
1439,11.5093,0.10052,2.07015,0.207976,1371.33,1371.33
1438,11.5093,0.0522464,3.80765,0.125723,951.834,1444.93
1437,11.5093,0.0522464,2.71265,0.125723,998.378,1444.93
1436,11.5093,0.0336372,2.25031,0.125723,490.627,1473.3
1356,17.302,0.0670531,0.877312,0.460181,4832.24,4832.24
1355,11.6599,0.0980035,2.47084,0.474608,1429.85,1429.85
1367,17.4131,0.145684,1.22339,0.297725,4510.76,4510.76
1432,9.97895,0.122645,1.16087,0.390103,871.827,871.827
1431,13.6952,0.0768367,1.15604,0.0712879,2371.29,2371.29
1430,17.302,0.0869144,1.22339,0.294173,4729.37,4729.37
1429,17.302,0.108258,1.22339,0.14449,4618.82,4618.82
1428,11.5365,0.111576,1.78718,0.111175,1364.09,1364.09
1427,11.5093,0.0522464,2.34482,0.22682,1104.62,1444.93
1661,15.8601,0.0731054,1.58065,0.192456,2283.76,3012.52
1425,11.5093,0.0693488,2.34482,0.22682,1346.81,1418.86
1424,10.4048,0.0383405,2.34482,0.207976,386.41,1083.23
1423,11.5093,0.0598992,2.34482,0.207976,1281,1433.26
1422,10.5186,0.100893,1.33529,0.235703,1046.37,1046.37
1421,23.4367,0.0768367,1.40954,0.169294,11884.2,11884.2
603,17.302,0.0944025,1.22339,0.1552,4690.58,4690.58
1420,23.1771,0.0630448,1.5915,0.268586,11665.3,11665.3
1419,11.6599,0.14479,0.728385,0.390103,1355.68,1355.68
1418,13.1267,0.0980035,1.07762,0.589904,2040.2,2040.2
1417,11.5093,0.0522464,1.69861,0.279255,1274.19,1444.93
1416,9.30303,0.0705933,2.20435,0.112366,676.96,748.305
1415,10.9973,0.0811044,1.08385,0.332788,1222.15,1222.15
1414,23.6299,0.0768367,1.63716,0.15865,12180.4,12180.4
1413,23.3017,0.0731054,1.58065,0.0732484,11727.2,11727.2
1412,23.3017,0.0821968,1.58065,0.109433,11612.2,11612.2
866,14.5849,0.0975855,1.07762,0.463618,2799.76,2799.76
1411,8.73393,0.0522464,2.34482,0.212679,319.72,631.429
1410,11.5093,0.0522464,2.34482,0.212679,983.109,1444.93
1409,14.4432,0.127421,1.00074,0.749394,2629.05,2629.05
1408,8.95242,0.0888523,1.58065,0.094077,653.747,653.747
1407,11.8504,0.0794106,1.12809,0.571552,1532.02,1532.02
1406,10.0381,0.106965,1.01251,0.26513,903.285,903.285
1405,10.0381,0.106965,1.12911,0.298658,903.285,903.285
1404,11.9281,0.106965,1.12911,0.26513,1515.57,1515.57
1402,18.3443,0.109962,0.990941,1,5494.31,5494.31
1401,16.3244,0.109962,0.990941,1,3871.87,3871.87
1400,15.8541,0.116083,0.647465,1,3522.38,3522.38
1399,12.1219,0.109962,0.990941,0.89812,1585.32,1585.32
1398,10.5186,0.0332134,1.14753,0.336536,546.95,1125.14
1397,16.684,0.121692,1.60499,0.390103,4078.97,4078.97
1396,19.4919,0.108468,0.916319,0.648439,6602.36,6602.36
1395,11.5093,0.0635222,2.34482,0.125723,1339.03,1427.74
1394,11.5093,0.0522464,2.34482,0.097314,957.973,1444.93
1393,11.5093,0.0566944,2.34482,0.125723,1133.14,1438.15
1392,11.5093,0.0522464,2.65989,0.0993559,958.165,1444.93
1391,11.5093,0.0522464,2.34482,0.125723,1026.43,1444.93
1390,11.5093,0.0522464,2.34482,0.125723,1072.98,1444.93
1389,11.5093,0.0522464,2.34482,0.125723,1072.98,1444.93
1388,11.5093,0.0522464,2.34482,0.125723,1026.43,1444.93
1387,7.07274,0.0522464,1.37449,0.125723,107.823,335.319
1386,10.1243,0.0522464,2.34482,0.125723,694.513,983.524
1385,11.5093,0.0805999,2.34482,0.125723,1401.7,1401.7
745,11.5093,0.0568701,2.34482,0.125723,1229.95,1437.88
1384,10.3571,0.0678397,1.98166,0.352345,1035.64,1035.64
1022,11.6599,0.105055,1.22339,0.394296,1418.67,1418.67
1383,13.8883,0.0942619,1.50556,0.462692,2426.31,2426.31
1382,14.7582,0.0716957,1.50659,0.268586,2983.96,2983.96
1381,8.68809,0.0389904,1.86293,0.23807,248.883,630.232
146,9.96009,0.109902,1.96264,0.238078,879.484,879.484
1379,11.3397,0.0731054,1.58065,0.159673,1351.55,1351.55
1378,11.5093,0.0522464,2.34482,0.207976,1192.65,1444.93
1377,11.5093,0.0522464,2.34482,0.173214,1169.29,1444.93
1376,11.5093,0.0522464,2.34482,0.207976,1038.51,1444.93
1375,7.46591,0.0549437,2.34482,0.157974,177.935,393.283
1374,7.97481,0.0549437,2.34482,0.207976,242.706,479.312
1373,10.3566,0.0640463,2.34482,0.207976,914.815,1039.69
1372,14.0763,0.0640463,3.25551,0.207976,2610.5,2610.5
1371,16.7005,0.0498562,2.34482,0.207976,3883.81,4425.63
1370,11.5093,0.0522464,2.34482,0.207976,1115.58,1444.93
1369,11.5093,0.0522464,2.34482,0.30789,1031.89,1444.93
1368,13.5656,0.0522464,2.07283,0.23021,2164.7,2365.97
1433,16.8449,0.0522464,1.1811,0.125723,3640.21,4530.01
1366,6.69298,0.0948876,2.07757,0.303893,271.37,271.37
1365,18.883,0.0626575,2.07757,0.254326,6311.21,6311.21
1364,10.9776,0.15504,1.93942,0.296791,1117.79,1117.79
1363,12.408,0.121297,1.93942,0.296791,1563.58,1678.59
1362,15.8601,0.0812599,1.58065,0.0884895,3665.33,3665.33
1361,11.5093,0.0427459,3.42799,0.184826,863.434,1459.41
1360,11.5093,0.0386061,2.33578,0.152468,809.156,1465.73
1359,11.5093,0.0427459,2.33578,0.207976,864.964,1459.41
1358,11.5093,0.039318,2.33578,0.207976,691.848,1464.64
1648,11.5093,0.0522464,2.34482,0.1207,517.009,1055.81
1664,27.6673,0.0563076,0.684785,0.160043,968.223,972.213
1434,19.0256,0.146127,1.09827,0.681483,5880.42,5880.42
1354,14.6332,0.039318,2.33578,0.207976,2040.47,3010.19
1353,14.6332,0.039318,3.21831,0.204426,1425.48,3010.19
1352,14.6332,0.039318,2.33578,0.30914,1891.83,3010.19
1351,17.7118,0.0768367,1.41159,0.164559,5129.4,5129.4
1145,13.6952,0.0574113,1.7867,0.0930686,2084.53,2421.19
1350,6.66834,0.0731054,0.849042,0.302093,231.668,274.843
1596,11.0775,0.0669113,2.28295,0.508844,955.518,1268.39
1348,15.3539,0.17959,1.91757,0.238078,2969.54,2969.54
1347,11.1942,0.0636034,1.4141,0.336325,1313.52,1313.52
1346,15.8601,0.0888523,2.30617,0.0977794,3635.04,3635.04
1345,15.8601,0.0888523,2.30617,0.0977794,3635.04,3635.04
1344,20.2921,0.0888523,2.30617,0.0528288,7117.6,7613.26
26,17.302,0.0608632,1.2456,0.348145,4864.3,4864.3
1340,25.6344,0.117818,0.957265,0.390103,14860.3,14860.3
1338,21.8619,0.0768367,1.22339,0.104598,9645.92,9645.92
1337,17.259,0.0401753,1.22339,0.306535,4007.69,4934.46
1336,10.4066,0.122279,1.41916,0.390103,989.202,989.202
1335,12.408,0.122279,1.85685,0.390103,1676.72,1676.72
1334,12.408,0.0805965,1.41916,0.390103,1756.34,1756.34
1333,14.8383,0.105055,0.96307,0.447486,2923.83,2923.83
1332,16.8834,0.0910236,1.22339,0.268586,4374.51,4374.51
1331,12.8227,0.0768367,1.22339,0.191097,1946.35,1946.35
1329,10.4337,0.0530272,1.28554,0.573504,1075.6,1075.6
1330,13.5718,0.0731054,1.3052,0.12089,2317.09,2317.09
1328,16.6047,0.108657,1.86934,0.527976,4080.71,4080.71
1327,14.9042,0.142023,1.2884,1,2840.57,2840.57
1326,11.5093,0.034714,1.17298,0.212142,754.603,1471.66
1325,10.5186,0.0566086,1.00074,0.31011,1054.05,1097.91
1324,10.5186,0.040093,0.726977,0.235703,718.775,1117.13
1323,9.73703,0.0636034,1.00074,0.235703,864.448,864.448
1322,12.2442,0.0718946,1.58065,0.282748,1703.69,1703.69
1321,12.2442,0.0718946,1.58065,0.282748,1703.69,1703.69
1320,11.3397,0.0731054,1.58065,0.104814,1351.55,1351.55
1319,5.79662,0.0731054,1.58065,0.0712253,84.5936,180.532
1318,8.59591,0.103073,1.58065,0.0581855,569.682,569.682
1317,10.8788,0.121692,1.22339,0.390103,1130.82,1130.82
1316,15.2405,0.117818,1.22339,0.489186,3122.88,3122.88
1315,11.6599,0.181667,1.22339,0.381091,1297.22,1297.22
1314,11.6599,0.102914,1.22339,0.390103,1422.06,1422.06
1313,11.4211,0.119646,1.22339,0.390103,1311.54,1311.54
1312,11.6599,0.0484358,0.925515,0.390103,1289.79,1508.42
1311,7.54997,0.102914,1.82785,0.390103,386.074,386.074
1310,17.4433,0.141756,1.22339,0.390103,4555.1,4555.1
1309,15.2405,0.117818,1.22339,0.390103,3122.88,3122.88
1308,10.7607,0.117818,1.22339,0.2257,1099.2,1099.2
1307,17.4433,0.0854005,1.51868,0.219414,4854.2,4854.2
1306,11.6599,0.154813,1.22339,0.390103,1339.79,1339.79
1305,15.1312,0.102914,1.22339,0.390103,3107.83,3107.83
1304,6.27886,0.121692,1.22339,0.390103,217.415,217.415
1303,7.08651,0.206168,1.46491,0.390103,282.504,282.504
1302,24.9029,0.0542183,1.54554,0.390103,14606.3,14606.3
1301,11.6599,0.152616,1.22339,0.390103,1343.28,1343.28
1300,17.302,0.0346057,1.22339,0.390103,3944.13,5000.3
1299,23.019,0.109391,1.82483,0.104598,10862.9,10862.9
1298,20.1799,0.109391,1.82483,0.104598,7318.88,7318.88
1297,10.9497,0.122372,1.07762,0.483111,1152.18,1152.18
1296,10.9497,0.122372,1.07762,0.444086,1152.18,1152.18
1295,10.2034,0.129674,1.43183,0.250307,924.524,924.524
1294,15.3539,0.0423624,1.7957,0.16724,2594.92,3466.25
1293,23.6299,0.0768367,1.22339,0.119548,12180.4,12180.4
1292,17.3312,0.0768367,0.764153,0.117262,4805.81,4805.81
1291,17.3312,0.0768367,1.22339,0.119548,4805.81,4805.81
1923,13.6952,0.0539867,2.67086,0.119548,256.414,257.228
1288,15.5284,0.0768367,1.22339,0.206588,3456.7,3456.7
1287,12.408,0.121692,2.64272,0.197119,1677.84,1677.84
1286,12.408,0.121692,2.64272,0.238078,1677.84,1677.84
649,12.408,0.121692,1.91757,0.2218,1677.84,1677.84
1284,13.4736,0.0768367,1.22339,0.137341,2258.03,2258.03
1283,11.1455,0.0636034,1.00074,0.234394,1296.47,1296.47
1282,10.0381,0.106965,1.12911,0.154972,903.285,903.285
1281,10.3213,0.105055,1.35798,0.30308,983.997,983.997
1280,9.73849,0.0980195,0.835094,0.890069,833.053,833.053
1278,15.8601,0.0888523,1.58065,0.0977794,3635.04,3635.04
1277,11.7949,0.0888523,1.58065,0.0977794,1495.1,1495.1
1276,6.67472,0.161151,2.51283,0.238078,249.45,249.45
1275,6.67472,0.121692,2.56901,0.238078,261.184,261.184
1274,6.67472,0.121692,3.47919,0.238078,261.184,261.184
1273,11.6599,0.202916,1.11985,0.252745,1263.54,1263.54
154,21.7861,0.0398867,0.952952,0.140186,7839.23,9928.01
1271,10.8788,0.091259,1.72311,0.339967,1170,1170
1270,10.8788,0.146125,1.72311,0.339967,1099.36,1099.36
1269,17.3312,0.0768367,1.22339,0.155919,4805.81,4805.81
944,13.2689,0.0636034,1.00074,0.367409,2187.58,2187.58
1268,11.5093,0.0731054,1.33644,0.12089,1413.13,1413.13
1267,11.5093,0.0756281,0.863269,0.196025,1409.28,1409.28
1266,17.3312,0.0768367,1.58376,0.104761,4805.81,4805.81
1265,10.2034,0.0948292,2.30687,0.394029,961.539,961.539
1264,17.302,0.10754,1.476,0.219119,4622.54,4622.54
1263,17.3312,0.0768367,1.22339,0.140186,4805.81,4805.81
1262,15.7657,0.0964514,0.916319,0.596835,3540.73,3540.73
1260,17.302,0.0768367,1.22339,0.268586,4781.57,4781.57
1259,24.7078,0.0731054,1.18225,0.194943,13980.8,13980.8
1258,13.9236,0.0676687,1.22339,0.434105,2516.65,2516.65
1257,19.9029,0.0731054,1.24851,0.0993048,7307.64,7307.64
1256,11.6599,0.0588858,1.22339,0.470247,1491.86,1491.86
1255,12.2694,0.0777805,1.27077,0.481328,1703.36,1703.36
1450,9.53318,0.0634431,1.62135,0.119548,510.28,811.423
1205,12.2694,0.0938404,1.00074,0.481328,1673.7,1673.7
1253,11.6599,0.15306,1.22339,0.196785,1342.57,1342.57
1252,19.3309,0.0964514,0.833444,0.596835,6526.94,6526.94
1251,11.6599,0.189795,1.54377,0.290885,1284.34,1284.34
1091,11.6599,0.147046,1.54377,0.290885,1352.11,1352.11
110,20.1799,0.0768367,1.82483,0.104598,7586.41,7586.41
228,18.6536,0.0856972,0.883956,0.390103,5934.4,5934.4
974,18.7936,0.0906592,1.71656,0.390103,6036.15,6036.15
739,8.37621,0.117204,1.42973,0.325198,518.803,518.803
1246,17.3312,0.0768367,1.27341,0.119548,4805.81,4805.81
19,10.0381,0.106965,1.40145,0.403798,903.285,903.285
1241,24.7588,0.117818,1.8126,0.285753,13388.9,13388.9
1240,14.0638,0.0948292,0.91722,0.639052,2517.93,2517.93
1239,23.0336,0.117818,0.946859,0.285753,10780.6,10780.6
1238,23.0336,0.117818,1.8126,0.285753,10780.6,10780.6
1237,14.7252,0.0445967,1.45588,0.235703,3050.48,3050.48
143,12.7397,0.0471267,1.99214,0.235703,1870.16,1970.2
167,6.68832,0.103069,2.19716,0.329183,268.355,268.355
1234,11.8504,0.163366,1.06016,0.775843,1392.3,1392.3
1233,15.6796,0.0817981,1.22556,0.390103,3539.5,3539.5
1232,27.6673,0.0563076,1.24851,0.0990981,19957.8,19986.2
1231,17.302,0.0768367,1.50399,0.104598,4781.57,4781.57
1230,12.2694,0.0662682,1.00074,0.304628,1724.62,1724.62
1227,11.6599,0.147271,1.22339,0.362545,1351.75,1351.75
1226,15.5229,0.0775552,1.22339,0.490495,3450.33,3450.33
1225,11.6532,0.0768367,1.22339,0.191097,1460.88,1460.88
1224,11.6599,0.121692,0.980893,0.390103,1392.3,1392.3
1223,15.8153,0.126519,1.31317,0.390103,3455.31,3455.31
1216,11.6599,0.121692,1.16087,0.390103,1392.3,1392.3
1221,12.408,0.116079,1.17865,0.238078,1688.56,1688.56
395,19.2791,0.105608,1.7867,0.149221,6408.93,6408.93
1220,10.2034,0.0760933,1.72159,0.496033,981.441,981.441
1219,10.2034,0.0760933,1.72159,0.496033,981.441,981.441
1218,11.5093,0.0731054,1.58065,0.207976,1413.13,1413.13
1217,11.6599,0.108411,1.22339,0.462692,1413.35,1413.35
1222,17.302,0.0869144,1.476,0.294173,4729.37,4729.37
1215,15.2405,0.117818,1.22339,0.195101,3122.88,3122.88
1214,17.302,0.0768367,1.7957,0.206897,4319.31,4781.57
1213,15.8601,0.0731054,1.58065,0.192456,3697.87,3697.87
1212,8.57438,0.0827256,1.2656,0.5071,578.239,578.239
1211,15.8601,0.0888523,1.58065,0.0977794,3585.83,3635.04
1210,8.64803,0.105055,1.71572,0.58237,578.825,578.825
1209,9.80892,0.138767,1.71572,0.499805,812.801,812.801
1208,9.80892,0.135656,1.71572,0.499805,815.736,815.736
1207,10.3571,0.0678397,2.28722,0.352345,1035.64,1035.64
1206,13.1854,0.0678397,1.58065,0.255729,2136.82,2136.82
1204,11.5093,0.0564833,1.24375,0.207976,1438.47,1438.47
118,10.5186,0.0717731,1.20181,0.310047,1080.26,1080.26
1202,11.5093,0.0541682,1.17298,0.207976,1442,1442
1201,11.3637,0.0451775,0.961534,0.207976,1195.17,1401.14
1200,9.97501,0.0583898,1.30766,0.390103,934.57,934.57
1199,15.7657,0.0964514,0.916319,0.696843,3540.73,3540.73
1198,11.6599,0.0939296,1.22339,0.297725,1436.31,1436.31
1197,11.6599,0.174031,1.60499,0.390103,1309.33,1309.33
1196,15.0289,0.121692,1.60499,0.390103,2981.45,2981.45
1103,9.80164,0.121692,2.29773,0.390103,827.071,827.071
1045,11.4755,0.180298,1.60499,0.390103,1238.73,1238.73
712,14.1587,0.0636034,1.26389,0.253715,2657.87,2657.87
1193,9.40787,0.0768367,1.7867,0.0851846,768.692,768.692
1192,13.6952,0.0710608,1.7867,0.119548,2386.13,2386.13
1191,13.6952,0.0500064,1.7867,0.119548,2440.21,2440.21
1190,10.8586,0.0768367,1.7867,0.119548,1181.94,1181.94
1189,13.6952,0.102701,1.7867,0.119548,2304.86,2304.86
1188,13.9236,0.0607302,1.22339,0.238012,2535.38,2535.38
214,10.2034,0.0789902,1.72159,0.448768,978.364,978.364
201,21.128,0.0811736,1.42831,0.179789,8665.84,8665.84
287,8.95242,0.0888523,1.58065,0.094077,653.747,653.747
1184,13.6952,0.0768367,2.67086,0.119548,2371.29,2371.29
1183,13.6952,0.0768367,2.26468,0.119548,2371.29,2371.29
1182,13.6952,0.0501784,1.61309,0.137061,2428.89,2439.77
1181,12.7397,0.0636034,1.00074,0.235703,1936.13,1936.13
1180,15.8601,0.0812599,1.58065,0.0542533,3665.33,3665.33
1179,12.6786,0.117818,1.11874,0.390103,1797.94,1797.94
1178,13.6188,0.117818,1.40049,0.390103,2228.31,2228.31
1177,13.9236,0.0703804,1.22339,0.132139,2509.33,2509.33
996,11.5093,0.0731054,1.58065,0.207976,1413.13,1413.13
1175,14.3971,0.0633169,1.41916,0.390103,2795.25,2795.25
1174,12.408,0.121692,1.41916,0.225062,1677.84,1677.84
1173,12.408,0.121692,1.73085,0.390103,1677.84,1677.84
1172,12.408,0.0805965,1.41916,0.57353,1756.34,1756.34
1171,17.4197,0.121692,1.41916,0.390103,4642.7,4642.7
1170,8.66345,0.152665,0.586502,0.44377,550.97,550.97
1169,11.6599,0.0588858,1.22339,0.293318,1314.08,1491.86
1168,13.269,0.0768367,0.824575,0.119548,2156.73,2156.73
1167,20.4921,0.0731054,1.58065,0.159673,7976.08,7976.08
267,15.8601,0.0731054,1.58065,0.159673,3697.87,3697.87
891,11.5093,0.0486118,0.791382,0.207976,1450.47,1450.47
1165,13.6952,0.0768367,1.7867,0.119548,2371.29,2371.29
1164,13.6952,0.0768367,2.14748,0.119548,2371.29,2371.29
1163,11.3374,0.0670531,1.22339,0.390103,1359.56,1359.56
1162,15.2405,0.117818,1.22339,0.544117,3122.88,3122.88
1161,11.6599,0.0746928,1.11167,0.390103,1466.8,1466.8
1160,12.442,0.149795,1.29979,0.212205,1637.55,1637.55
1159,11.6599,0.102914,1.22339,0.390103,1422.06,1422.06
1158,11.6599,0.121692,1.22339,0.390103,1392.3,1392.3
1157,22.9897,0.105055,1.7288,0.300487,10874.2,10874.2
1156,11.6599,0.147795,1.22339,0.390103,1350.92,1350.92
1155,11.6599,0.0705174,1.22339,0.534255,1473.42,1473.42
1154,12.1577,0.0636034,1.00074,0.234394,1682.74,1682.74
1153,10.1288,0.12477,0.637013,0.485985,909.495,909.495
1152,10.9497,0.122372,1.07762,0.462408,1152.18,1152.18
1151,10.9634,0.0694968,0.96738,0.349612,1055.64,1226.18
1150,10.5186,0.0925258,0.873402,0.3213,1056.11,1056.11
1149,10.0381,0.102352,1.12911,0.26513,907.95,907.95
1148,17.302,0.0768367,1.23977,0.104598,4781.57,4781.57
1030,17.4197,0.121692,0.811294,0.428579,4642.7,4642.7
1146,27.9059,0.0768367,1.22339,0.0725884,20061.7,20061.7
1144,11.5587,0.11735,1.22339,0.470247,1363.07,1363.07
1143,13.6952,0.0457639,1.7867,0.0966987,2298.16,2451.11
1142,17.302,0.0768367,1.22996,0.268586,4781.57,4781.57
1141,8.76701,0.153648,1.22339,0.321986,570.302,570.302
1140,17.302,0.0748245,1.22339,0.14449,4791.99,4791.99
1139,17.302,0.111576,1.22339,0.14449,4601.63,4601.63
1138,17.302,0.0768367,1.07636,0.268586,4781.57,4781.57
1137,10.0381,0.106965,1.12911,0.183918,903.285,903.285
1136,7.31577,0.125566,1.71572,0.447638,342.379,342.379
1037,13.0026,0.105055,1.06639,0.464919,1967.39,1967.39
199,11.6599,0.105055,1.06639,0.326713,1418.67,1418.67
1133,8.70884,0.0488586,1.58065,0.282748,565.558,628.24
1132,10.631,0.0718946,1.05618,0.282748,1115.13,1115.13
1131,11.8393,0.258217,1.91757,0.238078,1230.99,1230.99
1130,12.408,0.121692,1.91757,0.238078,1677.84,1677.84
1129,12.408,0.121692,2.7502,0.238078,1677.84,1677.84
1128,14.3751,0.121692,1.91757,0.238078,2609.01,2609.01
1127,10.4309,0.121617,0.986036,1,996.882,996.882
1126,10.4309,0.142958,0.968043,0.643039,972.661,972.661
1125,18.3286,0.0803456,0.986036,0.857977,5662.6,5662.6
1124,11.5093,0.0522464,1.23366,0.207976,1444.93,1444.93
1123,11.5093,0.0522464,2.34482,0.207976,1395.45,1444.93
1122,11.5093,0.0640463,2.34482,0.207976,1110.24,1426.94
1121,11.5093,0.0640463,2.34482,0.118319,1426.94,1426.94
1120,7.12317,0.0549437,2.34482,0.207976,173.998,341.568
1119,11.6599,0.108411,1.22339,0.482397,1413.35,1413.35
1118,11.5093,0.0315916,2.33578,0.207976,502.754,1476.42
1117,11.5093,0.039318,1.24918,0.183043,1141.84,1464.64
1116,10.5453,0.0731054,1.58065,0.0956396,1086.96,1086.96
1114,7.98196,0.139516,1.22339,0.490495,437.595,437.595
1113,11.6289,0.0768367,1.07636,0.275483,1451.77,1451.77
1111,17.302,0.0768367,0.902573,0.14449,4781.57,4781.57
1109,22.1192,0.0768367,1.22339,0.158789,9990.53,9990.53
1108,15.2405,0.0858816,1.71656,0.390103,3235.93,3235.93
1107,23.3585,0.0888523,1.58065,0.0977794,11612.5,11612.5
1105,15.2,0.0941658,1.12907,0.167584,3181.11,3181.11
1104,10.7189,0.0566086,1.47366,0.235703,1161.83,1161.83
1195,10.9497,0.122372,1.38001,0.483111,1152.18,1152.18
1102,8.62393,0.167083,1.26168,0.483111,534.217,534.217
1101,5.74822,0.177705,1.26168,0.483111,156.181,156.181
1100,7.16798,0.158593,1.21216,0.620004,309.881,309.881
1099,15.1798,0.0557758,1.72159,0.250307,2896.36,3302.71
1098,10.2034,0.0948292,1.72159,0.174737,961.539,961.539
1097,11.3397,0.0731054,1.58065,0.220323,1351.55,1351.55
1096,9.75799,0.105055,1.71572,0.499805,831.53,831.53
1095,9.80892,0.105055,1.71572,0.415539,844.617,844.617
1094,12.7304,0.109632,1.71572,0.359769,1836.93,1836.93
175,8.64803,0.0812295,1.7353,0.499805,594.234,594.234
1250,11.5093,0.0676936,1.33644,0.156991,1421.38,1421.38
1090,11.5093,0.056919,2.34482,0.125723,1437.81,1437.81
1089,12.408,0.121692,2.64272,0.238078,1677.84,1677.84
1088,12.408,0.08346,2.64272,0.341271,1750.87,1750.87
1087,12.408,0.121692,3.64186,0.238078,1677.84,1677.84
1086,12.408,0.121692,2.64272,0.238078,1677.84,1677.84
1085,8.85386,0.121692,3.10339,0.315148,609.601,609.601
1084,4.92621,0.105055,0.852381,0.435151,88.1171,106.988
1083,17.3312,0.0768367,1.02744,0.119548,4805.81,4805.81
1082,11.6599,0.0980035,1.54622,0.474608,1429.85,1429.85
1081,9.47948,0.105055,1.07762,0.246734,762.343,762.343
1080,11.5093,0.0522464,2.71265,0.125723,1444.93,1444.93
1285,11.5093,0.0521869,1.23819,0.207976,1301.62,1445.02
1079,17.3709,0.105055,1.63374,0.297725,4420.47,4690.97
1078,15.8199,0.0651907,1.22419,0.156684,3701.13,3701.13
1077,11.6599,0.121692,1.16087,0.390103,1392.3,1392.3
1076,15.0115,0.0703792,1.22339,0.352759,2871.94,3144.72
1075,17.302,0.0945121,1.22339,0.268586,4690.02,4690.02
1074,23.4467,0.0768367,0.69005,0.268586,11899.4,11899.4
1073,17.302,0.0762658,0.99041,0.262664,4784.52,4784.52
1072,11.5093,0.0738541,2.23535,0.207976,1411.99,1411.99
1071,7.62557,0.0738541,2.23535,0.207976,409.045,410.674
1070,9.72184,0.0934685,1.29168,0.571552,832.967,832.967
1069,15.6894,0.135628,1.06016,0.571552,3338.23,3338.23
1068,12.5057,0.0768367,1.7957,0.11843,1805.52,1805.52
1067,17.302,0.0768367,1.73634,0.0611041,4781.57,4781.57
959,10.5186,0.113268,0.944557,0.749394,1031.97,1031.97
1065,11.5093,0.0731054,1.33644,0.0657818,1413.13,1413.13
1064,17.302,0.0677743,1.22339,0.12506,4828.51,4828.51
1063,9.78704,0.0973458,1.25519,0.766153,846.205,846.205
1062,11.6599,0.105055,0.999205,0.304741,1418.67,1418.67
1061,11.6599,0.102686,1.54377,0.390103,1422.43,1422.43
1060,11.5093,0.0779655,2.72235,0.125723,1405.72,1405.72
1059,17.0822,0.0693079,1.87581,0.125723,4455.68,4639.11
1058,11.8289,0.0522464,2.34482,0.125723,1568.65,1568.65
1057,17.3312,0.0768367,1.22339,0.119548,4805.81,4805.81
1056,8.98656,0.0698625,1.15292,0.367409,626.634,675.038
1055,10.5257,0.0636034,0.831965,0.367409,1091.98,1091.98
1054,11.3397,0.0731054,0.869437,0.104814,1351.55,1351.55
1053,17.3312,0.105892,1.22339,0.137341,4654.56,4654.56
1052,20.1799,0.0768367,1.82483,0.104598,7586.41,7586.41
1051,17.6639,0.0768367,1.73516,0.0887372,5028.46,5087.88
1050,11.6599,0.128925,0.796401,0.756591,1380.83,1380.83
1049,13.8115,0.0583898,0.926248,0.390103,2480.84,2480.84
1048,17.2771,0.0756872,2.11956,0.302069,4766.82,4766.82
1047,11.6599,0.105055,1.22339,0.117657,1418.67,1418.67
1046,11.6599,0.121692,1.60499,0.390103,1392.3,1392.3
819,11.5093,0.0522464,1.63379,0.207976,1413.73,1444.93
2059,11.6599,0.151455,1.22339,0.470247,303.438,304.186
1043,12.6309,0.122279,1.41916,0.300232,1768.71,1768.71
1042,17.3312,0.0768367,1.65004,0.140186,4805.81,4805.81
1041,21.9984,0.0499521,1.05097,0.268586,10113.9,10113.9
1040,13.0304,0.0670544,1.23966,0.207976,2064.1,2064.1
1039,7.94959,0.10833,0.916319,0.678001,447.959,447.959
1038,9.10242,0.0964514,0.916319,0.690372,681.431,681.431
360,8.14303,0.119646,1.22339,0.22293,475.353,475.353
1036,12.7555,0.0700411,1.07762,0.838761,1929.99,1929.99
1035,10.9497,0.11383,0.973901,0.838761,1163.39,1163.39
915,15.704,0.0700411,1.07762,0.838761,3601.59,3601.59
1033,17.302,0.0768367,1.22339,0.268586,4781.57,4781.57
1032,8.22845,0.0673123,0.71008,0.487403,519.626,519.626
1031,7.65947,0.106965,1.12911,0.174209,401.296,401.296
1147,8.96914,0.122073,1.93942,0.296791,633.447,633.447
1029,12.408,0.0756872,1.41916,0.390103,1765.72,1765.72
1028,12.408,0.0756872,1.41916,0.390103,1765.72,1765.72
1027,12.408,0.12553,1.41916,0.390103,1670.5,1670.5
1026,13.1299,0.143349,1.41916,0.488889,1939.03,1939.03
1025,12.408,0.121692,0.960911,0.252724,1677.84,1677.84
162,12.408,0.121692,1.41916,0.390103,1677.84,1677.84
196,10.158,0.121692,1.41916,0.390103,920.61,920.61
1023,26.8674,0.0959617,1.14429,0.268586,17533.3,17533.3
343,17.7118,0.0741053,1.7867,0.207499,5144.57,5144.57
1020,15.2405,0.117818,1.22339,0.402519,3083.99,3122.88
1019,11.6599,0.105055,1.22339,0.276579,1418.67,1418.67
66,10.8788,0.146125,1.22339,0.339967,1099.36,1099.36
1017,10.5186,0.0636034,1.00074,0.336325,1089.77,1089.77
1924,14.2105,0.0522464,2.08062,0.280478,608.607,693.017
1015,11.5096,0.0210541,1.58065,0.208074,468.932,1492.58
1014,11.5093,0.0314367,1.58065,0.207976,898.957,1476.66
1013,16.8963,0.0522464,1.58065,0.280478,4571.64,4571.64
239,16.8963,0.0522464,1.58065,0.207976,4571.64,4571.64
1011,19.9029,0.0731054,1.85632,0.135694,7307.64,7307.64
1010,10.3709,0.0780905,0.916319,0.807032,1028.33,1028.33
1009,22.1985,0.0717482,1.7957,0.206897,10154,10154
1008,11.5321,0.0768367,1.7957,0.206897,1415.8,1415.8
1018,19.9029,0.069897,0.949139,0.159673,7332.94,7332.94
1007,9.39079,0.143742,1.71572,0.499805,709.105,709.105
172,14.1628,0.0605688,0.99041,0.535999,2668.8,2668.8
1005,9.78125,0.157349,1.26168,0.483111,788.554,788.554
1004,5.74822,0.0852373,1.26168,0.483111,173.744,173.744
1003,17.302,0.0898942,0.99041,0.378486,4713.94,4713.94
1002,11.6599,0.0929673,0.991723,0.262948,1437.83,1437.83
990,17.0032,0.103956,1.71656,0.390103,4404.73,4404.73
998,17.302,0.0768367,1.43329,0.104598,4781.57,4781.57
1956,10.5667,0.0768367,1.22339,0.140186,75.1687,75.4439
1176,12.408,0.122279,1.41916,0.390103,1676.72,1676.72
1527,10.5186,0.0636034,1.00074,0.24803,771.648,1089.77
994,9.70378,0.0845816,2.06442,0.282748,805.378,836.454
993,12.2442,0.0718946,1.58065,0.282748,1703.69,1703.69
992,12.2442,0.0718946,1.58065,0.282748,1703.69,1703.69
991,13.9236,0.0676687,1.22339,0.229515,2516.65,2516.65
942,12.408,0.135324,2.06438,0.199183,1651.8,1651.8
987,6.66834,0.0731054,1.04591,0.207976,274.843,274.843
339,11.6599,0.125836,2.2969,0.255144,1385.73,1385.73
79,11.6599,0.12023,2.2969,0.366641,1394.61,1394.61
986,15.2405,0.0336749,1.71656,0.474349,3420.74,3420.74
686,13.0893,0.121692,1.91757,0.309337,1969.7,1969.7
289,12.408,0.121692,1.13309,0.309337,1677.84,1677.84
984,11.6599,0.105055,1.06639,0.326713,1418.67,1418.67
983,9.32454,0.105055,2.00721,0.30308,725.568,725.568
982,8.97685,0.0768367,1.22339,0.212595,667.806,667.806
685,16.8997,0.0330707,1.04484,0.416496,4666.91,4666.91
980,13.6952,0.0768367,1.7867,0.119548,2371.29,2371.29
979,11.5093,0.0443665,1.58065,0.207976,1456.94,1456.94
978,12.6349,0.0636034,0.601092,0.214271,1888.74,1888.74
977,17.302,0.0818827,1.45053,0.490187,4755.43,4755.43
70,14.6308,0.121692,1.41916,0.472857,2750.76,2750.76
975,13.6952,0.0768367,1.15604,0.119548,2371.29,2371.29
192,7.97014,0.0768367,1.7867,0.119548,467.387,467.387
1248,8.37621,0.117818,1.26308,0.163231,518.442,518.442
958,12.4963,0.0578486,1.16597,0.211385,1735.74,1838.53
208,14.2493,0.0841511,1.41402,0.762338,2649.74,2649.74
1034,14.1688,0.0569085,1.40039,0.235703,2682.58,2682.58
675,12.408,0.121692,1.91757,0.238078,1677.84,1677.84
970,20.1724,0.0964514,1.32901,0.688125,7416.91,7416.91
969,11.6599,0.121692,1.54377,0.390103,1387.99,1392.3
968,8.66345,0.105055,1.07762,0.201768,581.928,581.928
967,6.68952,0.108785,1.07762,0.402167,266.789,266.789
1525,12.3034,0.0674789,0.826798,0.297059,1529.86,1736.74
964,9.86522,0.0963758,1.47522,1,867.577,867.577
963,11.6599,0.105055,1.22339,0.470247,1418.67,1418.67
962,17.302,0.0768367,1.22339,0.158528,4781.57,4781.57
961,22.6039,0.111576,1.22339,0.14449,10260.5,10260.5
960,11.5093,0.0522464,1.41922,0.207976,1444.93,1444.93
1447,11.5093,0.0731054,1.58065,0.264061,1413.13,1413.13
1066,12.3401,0.121692,1.14713,0.231336,1650.46,1650.46
951,15.2405,0.107807,1.22339,0.195101,3158.31,3158.31
956,17.302,0.0788618,1.22339,0.294173,4771.08,4771.08
955,10.6001,0.0636034,1.00074,0.367409,1115.29,1115.29
954,8.89784,0.0296784,1.01132,0.367409,442.379,683.549
953,10.5186,0.0636034,1.00074,0.238007,1058.05,1089.77
957,10.5186,0.0636034,1.00074,0.24803,983.293,1089.77
950,12.408,0.121692,1.99797,0.238078,1677.84,1677.84
949,12.408,0.143296,2.64272,0.238078,1636.57,1636.57
948,11.6599,0.0885274,1.60499,0.480446,1444.87,1444.87
947,11.6599,0.105055,1.22339,0.326713,1418.67,1418.67
209,11.6599,0.105055,1.22339,0.326713,1418.67,1418.67
743,17.302,0.0670531,1.97558,0.390103,3898.08,4832.24
142,12.408,0.121692,1.69109,0.429692,1322.74,1677.84
43,10.6426,0.121692,0.866316,0.390103,1058.73,1058.73
941,10.7305,0.0738729,0.796982,0.730128,1144.28,1144.28
940,13.6985,0.124844,0.959147,0.787089,2249.61,2249.61
939,11.5093,0.0522464,2.34482,0.207976,1444.93,1444.93
938,11.5093,0.0522464,2.34482,0.232796,1444.93,1444.93
937,15.8601,0.0731054,1.58065,0.159673,3697.87,3697.87
936,22.6251,0.0768367,1.5915,0.268586,10691.8,10691.8
935,10.5257,0.0663626,1.00074,0.420162,1088.76,1088.76
934,10.2385,0.0427459,2.33578,0.207976,998.774,1027.4
933,11.5093,0.0427459,2.33578,0.311083,991.109,1459.41
932,11.5093,0.0427459,2.33578,0.197302,1459.41,1459.41
931,11.5093,0.039318,2.14182,0.207976,1464.64,1464.64
930,12.408,0.121692,1.41916,0.390103,1677.84,1677.84
234,27.8657,0.155137,1.11874,0.390103,18280.8,18280.8
929,13.5718,0.0731054,1.3052,0.12089,2317.09,2317.09
928,9.27013,0.0731054,1.58065,0.104814,738.393,738.393
927,17.3312,0.0768367,1.22339,0.119548,4805.81,4805.81
926,6.82186,0.105233,1.07762,0.499805,284.065,284.065
925,12.9158,0.105055,0.597778,0.499805,1928.24,1928.24
924,23.3017,0.0731054,1.58065,0.140667,11727.2,11727.2
923,15.8601,0.0731054,1.58065,0.192456,3601.89,3697.87
1092,11.6082,0.0821602,0.800509,0.390103,1435.68,1435.68
473,13.9502,0.113454,1.79629,0.522125,2406.79,2406.79
788,15.8601,0.0888523,2.30617,0.0977794,3635.04,3635.04
919,17.302,0.0608632,1.2456,0.225626,4863.09,4864.3
918,20.1799,0.109391,1.82483,0.104598,7318.88,7318.88
917,6.26728,0.102914,1.22339,0.522932,192.517,220.837
916,15.3539,0.17959,1.91757,0.238078,2969.54,2969.54
972,8.51007,0.0948292,1.72159,0.394029,378.079,557.866
83,11.977,0.0729736,1.22339,0.252797,1592.71,1592.71
913,6.26309,0.0768367,1.22339,0.268586,226.8,226.8
912,10.5186,0.0636034,1.00074,0.427796,1089.77,1089.77
911,10.5186,0.0636034,1.45319,0.336325,1089.77,1089.77
910,17.302,0.0670531,0.99041,0.319166,4832.24,4832.24
909,17.3312,0.0768367,1.22339,0.137341,4805.81,4805.81
908,12.7397,0.0445967,1.45588,0.235703,1975.43,1975.43
907,11.6599,0.102914,1.22339,0.390103,1422.06,1422.06
906,11.1386,0.119646,1.22339,0.390103,1216.62,1216.62
905,11.4211,0.119646,1.22339,0.390103,1311.54,1311.54
229,17.4433,0.176393,1.23994,0.390103,4371.26,4371.26
1921,23.0067,0.0642369,1.16431,0.268586,2891.6,2905.18
902,14.0702,0.118451,0.944557,0.403798,2455.56,2455.56
856,10.5186,0.0332134,1.50173,0.336536,867.068,1125.14
900,16.5674,0.121692,1.41916,0.429692,3993.98,3993.98
899,13.9236,0.0864269,1.22339,0.229515,2466.01,2466.01
898,11.5093,0.0568701,2.34482,0.125723,1437.88,1437.88
897,11.5093,0.0522464,2.34482,0.125723,1444.93,1444.93
896,11.5093,0.0522464,2.34482,0.125723,1444.93,1444.93
895,12.2694,0.0662682,1.00074,0.757417,1724.62,1724.62
894,10.5186,0.0705054,1.00074,0.59162,1006.88,1081.74
2075,6.26728,0.102914,1.43985,0.522932,38.1731,60.4884
63,14.5849,0.0975855,1.07762,0.655061,2799.76,2799.76
243,12.9422,0.0372719,1.55711,1,2087.02,2087.02
889,12.2442,0.0718946,1.58065,0.282748,1703.69,1703.69
888,8.36704,0.0718946,2.04594,0.419065,469.714,543.642
213,12.2442,0.0363638,1.58065,0.371749,1768.91,1768.91
887,11.5093,0.0731054,1.58065,0.207976,1413.13,1413.13
886,11.5093,0.0731054,1.58065,0.207976,1413.13,1413.13
885,16.2526,0.0522464,1.58065,0.207976,4068.78,4068.78
884,11.5093,0.0767318,1.58065,0.207976,1407.6,1407.6
883,11.5093,0.0756281,0.863269,0.196025,1409.28,1409.28
384,11.5093,0.043509,1.58065,0.306681,1458.25,1458.25
702,11.5093,0.043509,1.58065,0.207976,1458.25,1458.25
881,10.3213,0.0997477,1.35798,0.30308,989.832,989.832
880,13.9826,0.152147,0.906996,0.579793,2317.82,2317.82
879,11.6599,0.121692,1.60499,0.480446,1392.3,1392.3
878,11.4211,0.100776,1.22339,0.22293,1339.65,1339.65
877,10.078,0.0620126,0.717683,0.391013,960.117,960.117
876,12.9158,0.105055,2.02413,0.29217,1928.24,1928.24
874,12.7397,0.0636034,1.0616,0.235703,1936.13,1936.13
863,15.6796,0.0817981,1.04023,0.390103,3539.5,3539.5
71,8.94987,0.0543109,1.22339,0.314922,677.952,677.952
547,15.8601,0.0812599,1.58065,0.0884895,3665.33,3665.33
358,8.95242,0.0888523,1.58065,0.094077,653.747,653.747
872,16.0765,0.0768367,0.830634,0.212595,3835.75,3835.75
871,11.6599,0.0980035,1.07762,1,1429.85,1429.85
2192,11.5093,0.0698695,2.65989,0.0993559,1.5885,1.61156
869,11.6599,0.147046,1.54377,0.312585,1352.11,1352.11
868,13.936,0.0600672,1.58065,0.489044,1884.42,2543.95
867,13.936,0.0600672,1.58065,0.489044,2506.47,2543.95
864,21.4842,0.0768367,1.07636,0.268586,9154.54,9154.54
862,12.3034,0.121692,1.61197,0.297059,1635.77,1635.77
861,21.8619,0.0768367,1.22339,0.104598,9513.04,9645.92
860,8.37621,0.150108,1.22339,0.325198,499.466,499.466
859,23.6299,0.0768367,1.22339,0.119548,12180.4,12180.4
858,11.6599,0.121692,1.60499,0.557486,1392.3,1392.3
857,11.6599,0.133948,1.34309,0.557486,1372.87,1372.87
901,17.3312,0.0768367,1.22339,0.140186,4805.81,4805.81
855,12.7207,0.0936721,0.95693,1,1841.03,1865.58
853,11.6599,0.105055,1.22339,0.216556,1418.67,1418.67
707,19.2876,0.117818,1.11874,0.390103,6329.79,6329.79
852,11.6599,0.105055,1.07762,0.460446,1418.67,1418.67
851,11.6599,0.0674098,1.07762,0.902765,1478.35,1478.35
708,13.9459,0.109164,0.834855,0.963352,2416.25,2416.25
849,13.6952,0.0457639,1.7867,0.0930686,2451.11,2451.11
848,13.6952,0.0768367,1.7867,0.119548,2371.29,2371.29
847,9.8472,0.108657,1.58598,0.820986,851.105,851.105
846,10.8788,0.121692,1.40115,0.289856,1130.82,1130.82
845,14.7957,0.0418311,1.23966,0.260799,3103.45,3103.45
844,17.302,0.0608632,1.2456,0.259516,4864.3,4864.3
843,17.302,0.0869144,1.476,0.197285,4729.37,4729.37
842,17.302,0.0941982,1.476,0.294173,4691.64,4691.64
989,12.7397,0.0891685,1.00074,0.235703,1883.27,1883.27
840,9.79041,0.0934397,0.987336,0.698093,838.519,850.744
839,11.6532,0.0768367,1.22339,0.191097,1460.88,1460.88
838,10.6041,0.109164,0.820595,0.963352,1062.22,1062.22
206,10.6041,0.109164,0.820595,0.963352,1062.22,1062.22
836,13.6952,0.0501784,1.7867,0.119548,2439.77,2439.77
835,19.2791,0.105608,1.7867,0.149221,6408.93,6408.93
834,14.9042,0.0548736,1.12803,0.521824,3129.1,3129.1
833,14.4757,0.122372,1.07762,0.483111,2662.15,2662.15
832,10.3571,0.0669113,1.58065,0.691745,1036.67,1036.67
945,17.302,0.0768367,1.22339,0.307993,4781.57,4781.57
792,10.091,0.121692,1.08385,0.332788,902.505,902.505
830,8.66116,0.121692,1.22339,0.390103,439.085,570.657
829,11.6599,0.149748,1.33695,0.47658,1347.82,1347.82
828,11.6599,0.202916,1.22339,0.252745,1263.54,1263.54
827,17.4433,0.141756,1.53141,0.390103,4555.1,4555.1
826,15.2405,0.117818,1.22339,0.390103,3122.88,3122.88
825,11.6599,0.108723,1.22339,0.390103,1412.86,1412.86
822,10.0381,0.106965,0.944557,0.403798,903.285,903.285
821,6.91643,0.0856579,0.889582,0.403798,302.52,302.52
820,15.8601,0.0888523,1.58065,0.0977794,3408.11,3635.04
1194,13.6952,0.0768367,1.7867,0.119548,2371.29,2371.29
818,17.302,0.0768367,0.902573,0.14449,4781.57,4781.57
817,9.72184,0.0934685,1.10557,0.662675,425.274,832.967
816,11.3397,0.0731054,1.58065,0.104814,1351.55,1351.55
815,17.3312,0.0768367,1.22339,0.119548,4805.81,4805.81
814,14.7957,0.0765024,1.95469,0.266032,2991.16,2991.16
813,17.302,0.0768367,0.612686,0.0829258,4781.57,4781.57
811,17.302,0.0768367,1.50659,0.268586,4424.49,4781.57
810,15.8644,0.0723488,1.71656,0.390103,3703.85,3703.85
497,15.8644,0.0723488,1.20045,0.390103,3703.85,3703.85
808,11.3637,0.0451775,1.17298,0.207976,1401.14,1401.14
807,11.5093,0.0522464,2.34482,0.22682,1444.93,1444.93
806,11.5093,0.0522464,2.34482,0.207976,1094.94,1444.93
805,11.5093,0.0522464,2.34482,0.207976,1094.94,1444.93
804,11.5093,0.0640463,1.24375,0.207976,1426.94,1426.94
803,16.7005,0.0640463,2.34482,0.207976,3909.11,4359.53
802,7.46591,0.0549437,2.34482,0.207976,371.739,393.283
801,11.5093,0.0549437,3.16305,0.221779,1440.82,1440.82
800,14.6332,0.039318,2.33578,0.207976,2883.2,3010.19
799,11.5093,0.039318,2.33578,0.207976,1238.59,1464.64
798,11.6599,0.105055,1.07762,0.637875,1418.67,1418.67
797,9.96009,0.121692,1.96264,0.276803,867.836,867.836
796,9.96009,0.109902,1.96264,0.238078,822.3,879.484
795,7.24278,0.121692,1.22339,0.362545,333.705,333.705
794,17.259,0.0401753,1.22339,0.306535,4380.99,4934.46
793,23.4467,0.0768367,1.22339,0.268586,11899.4,11899.4
831,12.408,0.121692,1.41916,0.350939,1677.84,1677.84
791,12.408,0.116079,1.17865,0.238078,1688.56,1688.56
790,12.408,0.121692,1.91757,0.2218,1677.84,1677.84
168,16.1511,0.114821,0.91722,0.816609,3729.42,3729.42
188,10.5186,0.069165,0.873402,0.235703,1058.21,1083.3
786,13.936,0.0669113,2.08493,0.489044,2419.23,2525.43
785,16.684,0.121692,1.60499,0.394676,4078.97,4078.97
784,16.684,0.121692,1.60499,0.428071,4078.97,4078.97
783,12.7397,0.0636034,1.00074,0.235703,1936.13,1936.13
782,10.5186,0.0566086,1.20181,0.235703,1097.91,1097.91
45,11.5093,0.0731054,1.58065,0.207976,1413.13,1413.13
780,11.2616,0.0894473,1.16087,0.473585,1300.47,1300.47
779,7.53346,0.122645,1.16087,0.390103,375.111,375.111
778,17.3312,0.0768367,0.70408,0.169705,4805.81,4805.81
777,12.1577,0.0636034,1.00074,0.234394,1682.74,1682.74
776,13.9236,0.0676687,1.22339,0.294173,2516.65,2516.65
775,13.9236,0.0676687,1.22339,0.217341,2516.65,2516.65
774,14.8648,0.0718946,1.61536,0.373294,3048.4,3048.4
106,12.6309,0.122279,2.07757,0.254326,1768.71,1768.71
772,17.302,0.0768367,1.7957,0.206897,4781.57,4781.57
215,17.302,0.0768367,1.7957,0.11843,4781.57,4781.57
436,14.5849,0.0975855,1.07762,0.416332,2799.76,2799.76
223,15.2405,0.117818,1.75511,0.195101,3122.88,3122.88
36,11.0775,0.0669113,1.58065,0.390731,1268.39,1268.39
347,10.9497,0.121349,1.07762,0.483111,1153.52,1153.52
771,21.2245,0.0812599,0.992872,0.0977794,8784.2,8784.2
244,15.9934,0.0623071,1.50953,0.206347,3836.07,3836.07
769,20.7009,0.0827742,1.11874,0.390103,8136.56,8136.56
768,8.03627,0.117818,1.42505,0.390103,457.849,457.849
767,12.9158,0.105055,1.93874,0.499805,1928.24,1928.24
766,10.3571,0.0678397,1.42217,0.352345,1035.64,1035.64
765,12.2694,0.0423284,1.00074,0.481328,1768.84,1768.84
615,11.5093,0.0731054,1.33644,0.207976,1294.94,1413.13
485,13.243,0.0969936,1.40122,0.425731,2097.24,2097.24
24,10.5186,0.0636034,1.00074,0.235703,1071.73,1089.77
746,10.2218,0.0850254,1.22339,0.522125,977.207,977.207
763,12.408,0.121297,1.93942,0.296791,1678.59,1678.59
762,10.9776,0.113932,1.93942,0.296791,1172.17,1172.17
386,14.8383,0.105055,0.96307,0.447486,2923.83,2923.83
761,9.99875,0.105055,1.22339,0.458221,894.609,894.609
760,9.78704,0.106565,0.998146,0.766153,837.563,837.563
759,11.5093,0.0522464,2.34482,0.125723,1444.93,1444.93
658,11.5093,0.0522464,2.71265,0.125723,1444.93,1444.93
757,6.67472,0.121692,2.51283,0.238078,261.184,261.184
756,11.6599,0.121692,1.67137,0.390103,1392.3,1392.3
755,17.302,0.0346057,1.22339,0.390103,5000.3,5000.3
754,11.6599,0.105055,1.22339,0.390103,1418.67,1418.67
753,24.9029,0.0542183,1.22339,0.390103,14606.3,14606.3
752,11.6599,0.149795,1.22339,0.390103,1347.75,1347.75
751,11.6599,0.102914,1.22339,0.531294,1422.06,1422.06
750,11.6599,0.151324,1.22339,0.390103,1345.32,1345.32
749,11.6599,0.121692,1.22339,0.390103,1392.3,1392.3
748,11.7965,0.102613,1.22339,0.390103,1473.13,1473.13
747,15.2405,0.109971,1.22339,0.390103,3150.65,3150.65
731,11.6599,0.102914,1.22339,0.390103,1422.06,1422.06
548,10.0381,0.106965,1.12911,0.174209,903.285,903.285
742,14.5119,0.0962996,1.30762,0.766153,2001.97,2761.86
741,9.78704,0.106565,0.998146,0.766153,837.563,837.563
345,9.78704,0.157107,0.998146,0.766153,790.181,790.181
740,6.59818,0.0763779,0.96527,0.367409,265.318,265.318
1247,9.78704,0.106565,0.909163,0.766153,837.563,837.563
738,11.3397,0.0731054,1.58065,0.159673,1351.55,1351.55
737,9.19565,0.0768367,1.07636,0.268586,717.837,717.837
736,15.2405,0.0641498,1.71656,0.282677,3312.86,3312.86
735,15.2405,0.0856972,1.71656,0.444518,3236.58,3236.58
734,10.5186,0.0636034,1.00074,0.336325,1089.77,1089.77
733,12.729,0.106565,0.998146,0.600404,1842.65,1842.65
732,11.6599,0.0588858,1.22339,0.293318,1491.86,1491.86
656,23.0336,0.117818,1.8126,0.285753,10780.6,10780.6
655,13.7202,0.0980035,0.666056,1,2329.63,2329.63
728,10.8788,0.121692,1.22339,0.231336,1105.91,1130.82
727,7.9345,0.0635309,1.34208,0.390103,467.792,467.792
726,11.906,0.121692,1.41916,0.390103,1482.33,1482.33
725,12.408,0.0805965,1.41916,0.390103,1756.34,1756.34
724,17.4197,0.121692,0.811294,0.390103,4642.7,4642.7
723,6.67047,0.106565,1.19229,0.643133,265.174,265.174
922,19.4852,0.058,1.74249,0.158789,6968.96,6968.96
721,10.2034,0.0948292,2.21449,0.394029,961.539,961.539
720,10.2034,0.0561247,1.86841,0.394029,1002.65,1002.65
719,19.9029,0.0731054,1.85632,0.135694,7055.18,7307.64
84,17.3312,0.0768367,1.0934,0.119548,4772.6,4805.81
716,9.72184,0.0934685,1.52496,0.629392,515.819,832.967
715,13.6952,0.0768367,1.7867,0.119548,2371.29,2371.29
758,12.408,0.121692,2.64272,0.238078,1677.84,1677.84
713,13.4185,0.154338,1.60499,0.504399,2043.21,2043.21
190,12.5917,0.121692,1.60499,0.390103,1753.46,1753.46
128,11.6599,0.0942619,1.22339,0.462692,1435.78,1435.78
711,11.6599,0.105055,1.06639,0.326713,1418.67,1418.67
710,11.6599,0.121692,1.16087,0.410246,1392.3,1392.3
709,10.8788,0.146125,1.72311,0.339967,1099.36,1099.36
396,11.6599,0.153648,1.22339,0.313802,1341.64,1341.64
186,17.302,0.0768367,1.05097,0.268586,4781.57,4781.57
139,8.44142,0.105055,0.868156,0.402167,538.322,538.322
706,21.128,0.0811736,1.42831,0.14449,8665.84,8665.84
705,19.4919,0.0834653,0.916319,0.596835,6787.52,6787.52
704,12.408,0.121692,1.91757,0.238078,1677.84,1677.84
703,12.408,0.121692,1.91757,0.238078,1677.84,1677.84
462,17.302,0.111576,1.22339,0.14449,4601.63,4601.63
903,7.18354,0.0442187,0.944557,0.403798,284.342,354.303
701,15.2405,0.117818,1.11874,0.390103,3122.88,3122.88
699,11.6599,0.105055,1.22339,0.297725,1418.67,1418.67
698,10.5186,0.0941658,1.17593,0.235703,1054.2,1054.2
697,12.7397,0.0636034,1.00074,0.235703,1936.13,1936.13
696,10.5186,0.0566086,1.40039,0.235703,1097.91,1097.91
695,10.5186,0.0636034,1.00074,0.235703,1089.77,1089.77
443,10.2034,0.0718946,1.58065,0.282748,985.901,985.901
692,11.5093,0.0738541,2.23535,0.207976,1411.99,1411.99
691,11.5093,0.0521869,1.23819,0.207976,1445.02,1445.02
690,17.302,0.0768367,1.22339,0.268586,4781.57,4781.57
335,23.0067,0.0717796,1.1319,0.268586,11303.5,11303.5
179,17.302,0.0768367,1.22339,0.212595,4781.57,4781.57
638,17.3312,0.0693954,1.11555,0.137341,4844.55,4844.55
689,20.1799,0.0768367,1.82483,0.104598,7586.41,7586.41
688,11.6599,0.0671494,1.7362,0.470247,1478.76,1478.76
687,15.2078,0.0597123,1.22339,0.470247,3307.23,3307.23
684,11.8504,0.0794106,1.12809,0.571552,1532.02,1532.02
683,11.6599,0.102914,1.22339,0.390103,1422.06,1422.06
682,8.5137,0.105055,1.22339,0.364507,552.27,552.27
681,10.031,0.103069,2.19716,0.329183,905.295,905.295
680,15.2405,0.0723488,1.71656,0.390103,3283.83,3283.83
151,19.4852,0.0768367,1.22339,0.158789,6829.6,6829.6
678,10.5257,0.0636034,1.00074,0.367409,1091.98,1091.98
634,10.6001,0.0636034,1.00074,0.367409,1115.29,1115.29
164,8.89784,0.0523792,1.00074,0.367409,667.557,667.557
361,15.7657,0.0964514,0.916319,0.596835,3540.73,3540.73
672,15.5229,0.121692,1.22339,0.490495,3285.24,3285.24
671,11.6599,0.133093,1.60499,0.390103,1374.22,1374.22
670,11.3632,0.0731618,1.04484,0.395549,1359.91,1359.91
669,17.302,0.0516608,1.07636,0.307082,4911.97,4911.97
668,11.8102,0.0817981,0.603697,0.390103,1512.55,1512.55
773,15.8199,0.0651907,1.22419,0.156684,3701.13,3701.13
946,23.1866,0.0869144,1.476,0.294173,11382.1,11382.1
665,7.16798,0.158593,1.26168,0.483111,309.881,309.881
664,10.6542,0.108657,1.30221,1,1077.97,1077.97
663,10.6542,0.0941557,1.30221,0.820986,989.538,1095.51
446,9.97501,0.0583898,1.68565,0.390103,934.57,934.57
660,11.8504,0.163366,1.06016,0.571552,1392.3,1392.3
657,19.0256,0.128528,1.09827,0.681483,6001.62,6001.62
729,16.661,0.0802747,1.66116,0.616732,3477.34,4253.62
404,10.5186,0.0332134,1.08367,0.336536,1125.14,1125.14
13,17.302,0.0898942,0.99041,0.378486,4713.94,4713.94
484,23.6299,0.0768367,1.22339,0.119548,12180.4,12180.4
651,10.5186,0.0566086,1.01128,0.235703,1097.91,1097.91
650,11.6599,0.108411,1.22339,0.440689,1413.35,1413.35
648,12.2442,0.0718946,1.58065,0.282748,1703.69,1703.69
647,9.70378,0.0718946,1.58065,0.282748,848.047,848.047
646,8.57292,0.0577459,1.58065,0.282748,593.682,593.682
645,11.6599,0.105055,1.22339,0.55216,1418.67,1418.67
644,11.6599,0.105055,1.22339,0.470247,1418.67,1418.67
643,17.302,0.0608632,1.19444,0.390103,4864.3,4864.3
642,14.4301,0.105055,1.35798,0.30308,2689.08,2689.08
641,15.0094,0.127421,1.00074,0.645195,2950.48,2950.48
55,11.5093,0.0522464,2.34482,0.125723,1444.93,1444.93
17,10.7669,0.118451,0.944557,0.446018,1100.33,1100.33
637,11.6599,0.0980035,2.24577,0.474608,1429.85,1429.85
636,13.6952,0.0768367,1.7867,0.119548,2371.29,2371.29
400,11.3397,0.0731054,1.58065,0.104814,1317.61,1351.55
635,11.2946,0.0934685,0.716144,0.571552,1306.14,1306.14
971,10.2034,0.0948292,1.72159,0.394029,659.999,961.539
21,12.7397,0.0445967,1.45588,0.235703,1975.43,1975.43
633,14.1587,0.0636034,1.26389,0.235703,2657.87,2657.87
632,11.6599,0.147046,2.2969,0.255144,1352.11,1352.11
631,11.5093,0.0731054,1.33644,0.12089,1413.13,1413.13
630,10.4471,0.0768367,1.22339,0.268586,1052.61,1052.61
629,11.6599,0.102686,1.54377,0.390103,1422.43,1422.43
628,11.6599,0.121692,0.866316,0.390103,1392.3,1392.3
627,10.5186,0.0636034,1.00074,0.367409,1089.77,1089.77
626,6.24726,0.0652588,1.00074,0.891733,227.908,227.908
625,11.4211,0.119646,1.22339,0.22293,1311.54,1311.54
624,7.16798,0.158593,1.26168,0.483111,309.881,309.881
623,8.96618,0.174415,1.26168,0.483111,595.092,595.092
622,7.43223,0.122372,1.26168,0.483111,360.303,360.303
621,10.158,0.121692,1.41916,0.390103,920.61,920.61
230,11.6599,0.105055,1.22339,0.196785,1418.67,1418.67
620,11.5093,0.0522464,2.34482,0.207976,1094.94,1444.93
619,11.5093,0.0522464,2.34482,0.212679,1306.42,1444.93
618,11.5093,0.043509,1.58065,0.207976,1458.25,1458.25
617,11.5093,0.039318,2.33578,0.207976,1390.9,1464.64
616,11.5093,0.0427459,2.33578,0.207976,1394.78,1459.41
674,11.5093,0.0439915,1.17298,0.207976,1359.19,1457.52
614,23.1771,0.0768367,1.5915,0.268586,11493.6,11493.6
102,20.7605,0.0768367,1.50659,0.268586,7664.29,8260.19
639,11.6599,0.145684,1.22339,0.297725,1354.27,1354.27
662,8.66345,0.105055,1.07762,0.428509,581.928,581.928
610,12.8227,0.0768367,1.22339,0.191097,1946.35,1946.35
1650,12.9158,0.105055,2.02413,0.335384,1880.9,1928.24
608,13.8434,0.0774048,1.07509,0.866136,2447.6,2447.6
607,12.7681,0.0788692,1.07509,0.866136,1917.33,1917.33
606,10.4521,0.0925437,1.44636,0.866136,198.307,1036.17
600,10.4521,0.0788692,1.07509,0.943538,1051.79,1051.79
604,12.408,0.121692,1.91757,0.309337,1677.84,1677.84
865,11.6599,0.105055,1.22339,0.196785,1418.67,1418.67
602,10.2034,0.0760933,1.72159,0.496033,981.441,981.441
601,6.68952,0.148097,1.07762,0.402167,255.021,255.021
605,15.3539,0.17959,1.91757,0.238078,2969.54,2969.54
181,9.80892,0.138767,1.71572,0.499805,812.801,812.801
86,9.80892,0.105055,1.71572,0.447638,844.617,844.617
518,8.64803,0.105055,1.71572,0.499805,578.825,578.825
545,10.2034,0.0948292,1.72159,0.250307,961.539,961.539
486,11.5093,0.0522464,0.88992,0.207976,1444.93,1444.93
292,14.4055,0.06379,0.739853,0.866136,2798.73,2798.73
1024,10.9352,0.0975607,1.38189,0.999163,1180.05,1180.05
4,10.5257,0.0663626,1.00074,0.420162,1088.76,1088.76
364,10.0381,0.106965,1.12911,0.26513,903.285,903.285
673,12.408,0.121692,2.64272,0.238078,1677.84,1677.84
595,11.6599,0.0821602,1.22339,0.429268,1454.96,1454.96
594,16.7467,0.102914,1.73245,0.390103,4213.26,4213.26
593,17.4433,0.176393,1.22068,0.390103,4371.26,4371.26
72,15.2405,0.117818,1.22339,0.195101,3122.88,3122.88
590,12.2694,0.0662682,1.00074,0.358485,1724.62,1724.62
445,14.7957,0.0670544,1.67664,0.228813,3021.76,3021.76
293,16.8963,0.0522464,1.58065,0.207976,4368.54,4571.64
569,11.5093,0.0314367,1.58065,0.207976,1429.06,1476.66
58,16.661,0.105055,1.35798,0.487408,4139.01,4139.01
123,23.4467,0.0768367,1.22339,0.268586,11899.4,11899.4
31,19.9029,0.0731054,1.24851,0.159673,7307.64,7307.64
584,13.0026,0.105055,1.06639,0.326713,1967.39,1967.39
307,17.302,0.0768367,1.7957,0.206897,4781.57,4781.57
492,17.302,0.0401753,1.22339,0.306535,4971.46,4971.46
379,15.2405,0.117818,0.620452,0.405936,3122.88,3122.88
431,17.302,0.0768367,1.22339,0.104598,4781.57,4781.57
408,9.96009,0.121692,1.96264,0.238078,867.836,867.836
94,10.3468,0.141757,1.01387,0.722246,950.674,950.674
575,11.6599,0.154813,1.22339,0.390103,1339.79,1339.79
574,17.4433,0.0854005,1.22339,0.390103,4854.2,4854.2
573,6.26728,0.102914,1.22339,0.522932,220.837,220.837
572,11.6599,0.121692,1.22339,0.362545,1304.47,1392.3
571,15.3326,0.136852,1.15858,0.390103,3111.23,3111.23
149,15.2405,0.117818,1.22339,0.390103,3122.88,3122.88
568,10.2034,0.0931967,1.58065,0.282748,963.273,963.273
567,16.3244,0.109962,0.990941,1,3871.87,3871.87
262,12.1219,0.109962,0.990941,1,1585.32,1585.32
536,11.6599,0.121692,1.60499,0.480446,1392.3,1392.3
570,17.3312,0.0768367,1.22339,0.140186,4805.81,4805.81
563,10.4309,0.148291,0.656464,0.857977,966.609,966.609
562,10.5186,0.0662682,1.00074,0.59162,1086.67,1086.67
561,10.5186,0.090228,1.00074,0.59162,1058.78,1058.78
2055,15.1798,0.0557758,1.95619,0.250307,200.175,200.94
559,13.4955,0.0964514,0.916319,0.833774,2220.84,2220.84
558,16.4037,0.0780905,0.916319,0.807032,4069.21,4069.21
557,12.4185,0.116838,0.916319,0.833774,1691.41,1691.41
556,14.5849,0.140216,0.741151,0.655061,2667.5,2667.5
153,20.6864,0.0975855,1.07762,0.655061,7988.38,7988.38
274,11.6599,0.121692,1.16087,0.390103,1392.3,1392.3
550,11.6599,0.145603,1.22339,0.756591,1354.39,1354.39
508,9.78704,0.106565,1.25519,0.528997,837.563,837.563
549,10.091,0.121692,2.09448,0.332788,902.505,902.505
187,11.5093,0.0522464,1.63379,0.207976,1444.93,1444.93
504,8.52712,0.0925545,1.07762,0.637875,562.636,562.636
1093,16.7836,0.0670544,2.39087,0.228813,3565.75,4410.71
543,14.9042,0.108657,1.12803,0.820986,2951.04,2951.04
542,23.0067,0.0642369,1.22339,0.268586,11395.3,11395.3
541,15.8644,0.0723488,1.71656,0.390103,3703.85,3703.85
540,15.2405,0.0436335,1.71656,0.585119,3385.49,3385.49
183,12.408,0.121692,1.69109,0.429692,1677.84,1677.84
535,12.7555,0.0700411,1.07762,0.838761,1929.99,1929.99
534,14.0043,0.0980035,1.07762,0.838761,2477.34,2477.34
533,10.9497,0.0841511,1.07762,0.762338,1202.36,1202.36
532,12.408,0.121692,2.64272,0.238078,1677.84,1677.84
531,12.408,0.136464,1.93942,0.296791,1649.62,1649.62
530,10.3571,0.0678397,1.58065,0.352345,1035.64,1035.64
529,11.6599,0.105055,1.22339,0.297725,1418.67,1418.67
528,16.684,0.121692,1.60499,0.390103,4078.97,4078.97
527,13.8915,0.0795679,0.959147,0.787089,2467.39,2467.39
526,11.6599,0.121692,1.22339,0.324271,1392.3,1392.3
525,11.6599,0.102914,1.22339,0.390103,1422.06,1422.06
524,19.2968,0.117818,1.8126,0.285753,6338.91,6338.91
523,12.0113,0.145115,0.737096,0.390103,1481.41,1481.41
522,10.7305,0.124844,0.918552,0.787089,1081.3,1081.3
521,15.3866,0.172529,0.827715,1,3014.26,3014.26
520,12.2694,0.0662682,1.00074,0.481328,1724.62,1724.62
519,10.8788,0.146125,1.22339,0.339967,1099.36,1099.36
544,14.9042,0.0581716,1.12803,0.521824,3118.18,3118.18
236,12.2442,0.0718946,1.58065,0.282748,1497.82,1703.69
517,17.302,0.0762658,0.99041,0.262664,4784.52,4784.52
1499,10.5186,0.0566086,0.753211,0.235703,793.542,1097.91
515,12.7422,0.145168,1.41064,1,1768.56,1768.56
514,10.5186,0.069165,1.02339,0.235703,1083.3,1083.3
513,13.936,0.0669113,1.58065,0.489044,2525.43,2525.43
512,13.936,0.0600672,1.58065,0.489044,2543.95,2543.95
511,11.5093,0.0522464,2.34482,0.125723,1444.93,1444.93
510,20.1724,0.0964514,1.32901,0.688125,7416.91,7416.91
509,11.6599,0.105055,1.22339,0.522125,1418.67,1418.67
507,17.3312,0.0768367,1.22339,0.137341,4805.81,4805.81
506,15.8601,0.0888523,1.58065,0.0977794,3635.04,3635.04
250,8.66345,0.105055,1.07762,0.44377,581.928,581.928
503,9.79041,0.0934397,0.987336,0.698093,838.519,850.744
502,11.6599,0.0674098,1.07762,0.637875,1478.35,1478.35
15,10.0381,0.106965,0.944557,0.403798,903.285,903.285
500,11.6599,0.105055,1.22339,0.326713,1418.67,1418.67
499,17.4197,0.121692,1.41916,0.390103,4642.7,4642.7
6,12.408,0.0805965,1.41916,0.390103,1756.34,1756.34
498,13.9236,0.0676687,1.22339,0.229515,2516.65,2516.65
809,12.9957,0.149795,0.911496,0.390103,1866.03,1866.03
93,11.5093,0.0731054,1.33644,0.207976,1413.13,1413.13
65,11.5093,0.0522464,0.88992,0.207976,1444.93,1444.93
140,14.8383,0.105055,1.46462,0.447486,2923.83,2923.83
178,15.2405,0.0856972,1.71656,0.390103,3236.58,3236.58
666,5.74822,0.122372,1.62264,0.483111,166.691,166.691
432,12.408,0.121692,1.41916,0.429692,1677.84,1677.84
494,11.6599,0.121692,1.60499,0.557486,1392.3,1392.3
489,8.36704,0.0718946,1.58065,0.282748,543.642,543.642
33,10.3213,0.105055,1.35798,0.30308,959.688,983.997
305,6.09643,0.0543109,1.22339,0.314922,214.277,214.277
487,10.2034,0.0948292,0.995801,0.394029,961.539,961.539
321,6.68952,0.105055,1.07762,0.402167,267.905,267.905
854,10.9899,0.105055,1.07762,0.431256,1187.89,1187.89
764,17.302,0.0768367,1.23977,0.104598,4781.57,4781.57
652,10.4521,0.0965481,1.75378,0.866136,1031.6,1031.6
482,10.0381,0.118451,0.944557,0.403798,891.667,891.667
16,13.5191,0.0856579,0.944557,0.403798,2259.19,2259.19
460,19.4919,0.0834653,0.916319,0.596835,5188.83,6787.52
479,11.5093,0.039318,2.33578,0.207976,1464.64,1464.64
477,11.6599,0.105055,1.22339,0.470247,1418.67,1418.67
452,11.9281,0.106965,1.12911,0.26513,1515.57,1515.57
150,17.302,0.0768367,1.50659,0.268586,4781.57,4781.57
56,11.6599,0.147046,1.54377,0.290885,1352.11,1352.11
474,16.1511,0.114821,0.91722,0.816609,3729.42,3729.42
476,17.302,0.0768367,1.22339,0.14449,4781.57,4781.57
471,17.302,0.0869144,1.476,0.294173,4729.37,4729.37
470,12.408,0.121692,1.91757,0.238078,1677.84,1677.84
434,11.8393,0.17959,1.91757,0.238078,1361.47,1361.47
469,14.7957,0.0670544,1.23966,0.207976,3021.76,3021.76
67,10.2034,0.109722,1.72159,0.511985,945.719,945.719
421,10.2034,0.0948292,1.72159,0.250307,961.539,961.539
12,8.89784,0.0523792,1.00074,0.406892,623.541,667.557
466,8.57438,0.0934685,1.2656,0.5071,571.467,571.467
465,11.8504,0.0794106,1.06016,0.571552,1532.02,1532.02
464,17.302,0.0608632,1.45053,0.390103,4864.3,4864.3
397,11.5093,0.0522464,1.58065,0.207976,1444.93,1444.93
480,13.6952,0.0768367,1.7867,0.119548,2371.29,2371.29
459,8.37621,0.117818,1.22339,0.252797,518.442,518.442
458,15.5229,0.121692,1.22339,0.490495,3285.24,3285.24
457,9.97501,0.0583898,1.68565,0.390103,666.891,934.57
456,11.6599,0.149795,0.911496,0.390103,1347.75,1347.75
455,11.4211,0.119646,1.22339,0.390103,1311.54,1311.54
454,11.6082,0.0821602,0.800509,0.390103,1435.68,1435.68
453,9.78704,0.0957637,0.998146,0.766153,847.688,847.688
451,7.16798,0.158593,1.26168,0.483111,309.881,309.881
450,5.74822,0.122372,1.26168,0.483111,166.691,166.691
449,9.78704,0.106565,1.19229,0.643133,837.563,837.563
448,9.78704,0.106565,0.998146,0.766153,837.563,837.563
447,11.3397,0.0731054,1.58065,0.159673,1351.55,1351.55
270,10.1031,0.0391951,1.00074,0.594974,990.822,990.822
463,13.9459,0.109164,0.834855,0.963352,2416.25,2416.25
261,9.78704,0.106565,0.998146,0.766153,837.563,837.563
444,10.5186,0.0636034,0.7827,0.235703,1089.77,1089.77
693,6.66834,0.0731054,1.35101,0.207976,274.843,274.843
442,13.5618,0.105055,1.01567,0.470247,2232.29,2232.29
441,19.2876,0.117818,1.11874,0.390103,6329.79,6329.79
973,13.6952,0.0768367,1.7867,0.119548,2371.29,2371.29
60,19.366,0.0802747,1.66116,0.616732,5568.26,6680.07
23,13.243,0.0969936,1.40122,0.683443,2097.24,2097.24
202,10.2179,0.116977,0.79336,0.866136,942.015,942.015
182,12.6309,0.122279,1.41916,0.254326,1768.71,1768.71
430,10.2034,0.0388822,1.59319,0.436446,815.137,1020.97
429,9.72184,0.127236,1.06016,0.571552,801.939,801.939
428,17.302,0.0670531,1.65855,0.390103,4832.24,4832.24
427,15.2405,0.117818,1.22339,0.390103,3122.88,3122.88
426,17.4433,0.141756,1.22339,0.390103,4555.1,4555.1
425,11.6599,0.168213,1.22339,0.313802,1318.55,1318.55
424,12.97,0.102914,1.22339,0.390103,1957.27,1957.27
147,11.6599,0.14479,0.728385,0.390103,1355.68,1355.68
422,12.7397,0.0445967,1.22419,0.235703,1975.43,1975.43
288,11.6599,0.0980035,1.54622,0.837234,1429.85,1429.85
420,11.2616,0.121692,1.16087,0.390103,1254.42,1254.42
419,12.9158,0.105055,1.07762,0.499805,1928.24,1928.24
435,12.7207,0.114715,0.949751,1,1822.26,1822.26
97,14.9075,0.0964514,1.36881,0.833774,2993.4,2993.4
320,10.5186,0.0652588,1.02067,0.889214,1087.84,1087.84
402,15.6796,0.0817981,1.22556,0.390103,3539.5,3539.5
416,10.5186,0.0636034,1.00074,0.336325,1089.77,1089.77
165,12.408,0.121692,1.41916,0.429692,1677.84,1677.84
414,9.86522,0.0963758,1.47522,1,867.577,867.577
1501,11.5093,0.0300606,3.20682,0.221779,348.786,1478.75
412,12.408,0.122279,1.41916,0.390103,1676.72,1676.72
411,8.89784,0.0523792,1.00074,0.367409,667.557,667.557
410,9.72184,0.0934685,1.02348,0.571552,832.967,832.967
375,11.1288,0.154641,1.07762,0.483111,1165.15,1165.15
539,13.4955,0.0964514,0.916319,0.88735,2220.84,2220.84
407,11.6599,0.121692,1.61197,0.390103,1392.3,1392.3
406,15.2405,0.117818,1.22339,0.390103,3122.88,3122.88
405,11.6599,0.105055,1.22339,0.390103,1418.67,1418.67
308,15.3326,0.105055,1.22339,0.390103,3225.84,3225.84
88,17.302,0.0768367,1.22339,0.268586,4781.57,4781.57
371,10.0381,0.106965,1.12911,0.26513,903.285,903.285
158,8.64803,0.105055,1.71572,0.499805,578.825,578.825
2,9.80892,0.105055,1.71572,0.499805,844.617,844.617
399,11.5093,0.0522464,1.58065,0.207976,1444.93,1444.93
398,12.2694,0.0777805,1.00074,0.481328,1703.36,1703.36
694,17.7118,0.0768367,1.7867,0.164559,5129.4,5129.4
393,17.302,0.0768367,1.22339,0.14449,4468.52,4781.57
439,14.1628,0.044993,0.99041,0.535999,2317.69,2713.04
390,10.5186,0.0662682,0.699591,0.60473,1086.67,1086.67
109,13.9236,0.0676687,1.22339,0.294173,2516.65,2516.65
488,10.2034,0.0948292,1.86841,0.394029,961.539,961.539
388,12.408,0.121692,1.41916,0.390103,1677.84,1677.84
387,11.6599,0.0563226,1.55711,1,1495.92,1495.92
882,11.5093,0.0522464,1.69861,0.188075,1444.93,1444.93
383,11.6599,0.145603,1.22339,0.522125,1354.39,1354.39
587,15.6796,0.0817981,1.22556,0.390103,3539.5,3539.5
382,10.0381,0.106965,0.944557,0.403798,903.285,903.285
378,10.5186,0.113268,0.766458,0.749394,1031.97,1031.97
380,10.6542,0.108657,1.30221,0.604742,1077.97,1077.97
246,10.5186,0.083238,1.377,0.749394,1066.92,1066.92
304,9.35282,0.0980195,0.835094,0.890069,737.946,737.946
377,17.302,0.0768367,1.07636,0.268586,4781.57,4781.57
1343,14.7957,0.0527479,1.35255,0.260799,3068.1,3068.1
553,8.44142,0.105055,1.07762,0.402167,538.322,538.322
374,11.6599,0.121692,1.60499,0.480446,1392.3,1392.3
373,15.0289,0.121692,1.60499,0.390103,2981.45,2981.45
372,15.8601,0.0731054,1.58065,0.159673,3697.87,3697.87
1470,11.6599,0.0671494,1.7362,0.470247,1478.76,1478.76
370,15.2405,0.0436335,1.71656,0.390103,3385.49,3385.49
369,15.2405,0.0723488,1.71656,0.390103,3283.83,3283.83
368,11.6599,0.0812417,0.698368,0.470247,1456.42,1456.42
367,12.9158,0.105055,1.35798,0.30308,1928.24,1928.24
365,12.9799,0.0637179,0.986408,0.661193,1618.22,2047.49
278,12.9158,0.105055,1.30327,0.499805,1928.24,1928.24
363,11.6599,0.108411,1.22339,0.462692,1413.35,1413.35
362,10.4521,0.0788692,1.27638,0.866136,1024.46,1051.79
5,12.408,0.121692,1.41916,0.390103,1677.84,1677.84
1135,8.5137,0.105055,1.26705,0.364507,552.27,552.27
359,10.5186,0.0636034,1.00074,0.235703,1089.77,1089.77
180,27.6673,0.0563076,1.24851,0.159673,19986.2,19986.2
357,11.385,0.109943,0.705272,0.435772,1313.44,1313.44
356,20.6864,0.0975855,1.07762,0.655061,7988.38,7988.38
355,10.0381,0.0856579,0.944557,0.403798,782.005,924.836
353,11.6599,0.105055,1.22339,0.326713,1418.67,1418.67
352,10.8788,0.121692,0.683465,0.390103,1130.82,1130.82
324,8.52712,0.105055,1.07762,0.637875,554.886,554.886
30,10.5257,0.0663626,1.00074,0.420162,1088.76,1088.76
351,14.8383,0.105055,1.22339,0.470247,2923.83,2923.83
349,10.3571,0.0669113,1.58065,0.508844,1036.67,1036.67
348,9.60376,0.129823,1.02348,0.877308,770.781,770.781
578,10.3468,0.141757,1.01387,0.722246,950.674,950.674
1484,13.6952,0.0449232,1.7867,0.168064,1310.05,2453.27
1021,14.2273,0.0965061,1.22339,0.390103,2601.91,2601.91
342,10.5186,0.0636034,1.00074,0.336325,1089.77,1089.77
340,10.5186,0.0566086,1.00074,0.235703,1097.91,1097.91
988,17.302,0.0737458,1.07636,0.307082,4797.58,4797.58
338,10.9352,0.0975607,0.989006,0.724799,1180.05,1180.05
337,10.0381,0.106965,1.12911,0.26513,903.285,903.285
336,17.3312,0.0768367,1.22339,0.119548,4635.81,4805.81
18,10.9352,0.0975607,1.28554,0.728983,1180.05,1180.05
0,10.5186,0.0332134,1.14753,0.336536,1125.14,1125.14
596,11.4211,0.119646,1.22339,0.390103,1311.54,1311.54
333,11.6599,0.0821602,1.22339,0.390103,1454.96,1454.96
332,11.4211,0.119646,1.22339,0.390103,1311.54,1311.54
331,11.6599,0.121692,1.54377,0.390103,1392.3,1392.3
330,11.6599,0.149795,1.22339,0.390103,1347.75,1347.75
329,11.6599,0.102914,1.22339,0.390103,1422.06,1422.06
328,9.72184,0.0502153,1.10557,0.662675,725.499,872.71
327,13.7027,0.106565,0.986036,0.857977,2298.71,2298.71
323,10.4309,0.121617,0.986036,0.857977,996.882,996.882
334,11.6599,0.121692,1.22339,0.390103,1392.3,1392.3
137,11.6599,0.121692,1.16087,0.390103,1392.3,1392.3
49,10.6001,0.0636034,1.00074,0.367409,1115.29,1115.29
591,8.37621,0.150108,1.22339,0.325198,499.466,499.466
586,11.5093,0.0549437,2.34482,0.207976,1440.82,1440.82
394,14.4055,0.122554,0.739853,0.866136,2623.06,2623.06
101,11.3632,0.087374,0.728495,0.395549,1339.06,1339.06
10,14.9042,0.108657,1.12803,0.820986,2951.04,2951.04
1646,11.5093,0.106057,1.05277,0.12483,895.299,1019.71
317,11.8504,0.12477,1.06016,0.571552,1456.53,1456.53
316,10.9497,0.0841511,1.07762,0.838761,1202.36,1202.36
315,11.6599,0.121692,1.22339,0.390103,1392.3,1392.3
314,11.6599,0.102914,1.22339,0.390103,1422.06,1422.06
313,11.8102,0.0817981,0.966229,0.390103,1512.55,1512.55
312,11.6599,0.105055,1.22339,0.390103,1418.67,1418.67
311,12.9158,0.105055,1.07762,0.499805,1928.24,1928.24
597,11.6599,0.102914,1.22339,0.390103,1422.06,1422.06
205,8.44142,0.105055,1.07762,0.402167,538.322,538.322
184,15.8541,0.0912279,0.990941,1,3621.43,3621.43
301,14.0638,0.0948292,0.91722,0.816609,2222.62,2517.93
300,14.0638,0.0948292,0.91722,0.681483,2517.93,2517.93
299,17.302,0.0869144,1.22339,0.294173,4729.37,4729.37
99,12.2442,0.0718946,1.58065,0.282748,1703.69,1703.69
3,6.68952,0.105055,1.07762,0.402167,267.905,267.905
297,12.408,0.121692,1.41916,0.429692,1677.84,1677.84
296,12.408,0.121692,1.91757,0.238078,1677.84,1677.84
295,14.5228,0.0926153,0.725522,0.554886,2779.35,2779.35
294,9.78704,0.106565,0.998146,0.766153,837.563,837.563
47,12.3034,0.121692,1.61197,0.297059,1635.77,1635.77
319,9.75799,0.105055,1.71572,0.499805,831.53,831.53
303,12.1577,0.0636034,1.00074,0.234394,1682.74,1682.74
501,11.6599,0.105055,0.842967,0.326713,1418.67,1418.67
2008,13.6036,0.112538,1.12911,0.134552,69.8651,70.1982
231,17.302,0.0768367,1.22339,0.268586,4781.57,4781.57
160,9.78704,0.106565,0.998146,0.766153,837.563,837.563
251,9.78704,0.106565,0.998146,1,837.563,837.563
235,10.9497,0.122372,1.07762,0.483111,1152.18,1152.18
493,19.4919,0.0964514,0.833444,0.596835,4469.92,6691.35
1185,13.6952,0.0768367,2.34658,0.119548,2371.29,2371.29
286,11.111,0.109149,0.986096,1,1221.98,1221.98
1843,6.30088,0.0636034,1.49338,0.336325,16.2998,123.944
29,13.8035,0.0765658,1.39323,1,2428.67,2428.67
242,11.6599,0.105055,1.22339,0.326713,1418.67,1418.67
433,9.78125,0.157349,1.26168,0.483111,788.554,788.554
264,10.5186,0.0662682,1.14753,0.59162,1086.67,1086.67
107,14.4432,0.127421,1.00074,0.749394,2629.05,2629.05
217,9.78704,0.106565,0.909163,0.766153,837.563,837.563
105,11.6599,0.145603,1.22339,0.522125,1354.39,1354.39
185,9.80892,0.105055,1.71572,0.499805,844.617,844.617
282,17.302,0.0608632,1.2456,0.390103,4864.3,4864.3
281,15.2405,0.117818,1.22339,0.390103,3122.88,3122.88
280,11.6599,0.121692,1.60499,0.390103,1392.3,1392.3
279,12.7397,0.0636034,1.00074,0.235703,1936.13,1936.13
277,10.6542,0.145168,1.41064,1,805.749,1033.81
39,8.22845,0.105055,0.732827,0.454335,498.598,498.598
1776,17.3312,0.0768367,1.22339,0.119548,1428.93,1432.81
14,11.6599,0.0588858,1.22339,0.470247,1491.86,1491.86
585,11.5093,0.0640463,2.34482,0.207976,1426.94,1426.94
11,11.6599,0.121692,1.16087,0.390103,1392.3,1392.3
121,11.6599,0.102914,1.22339,0.390103,1422.06,1422.06
156,15.2405,0.117818,1.11874,0.390103,3122.88,3122.88
1941,23.3585,0.0888523,1.58065,0.0977794,767.309,770.16
233,15.7657,0.0964514,0.916319,0.596835,3540.73,3540.73
1926,17.3312,0.0768367,1.58376,0.0790472,305.379,306.529
207,10.2034,0.0948292,1.72159,0.394029,961.539,961.539
145,11.6599,0.0980035,1.54622,0.837234,1429.85,1429.85
269,8.66345,0.105055,1.07762,0.402167,581.928,581.928
249,13.1267,0.0980035,1.07762,0.589904,2040.2,2040.2
609,11.8602,0.0676687,1.22339,0.23178,840.259,1552.06
138,10.6542,0.108657,1.58598,0.820986,1077.97,1077.97
271,10.6041,0.109164,0.820595,0.963352,1062.22,1062.22
219,11.0775,0.0669113,1.58065,0.508844,1268.39,1268.39
218,10.0381,0.106965,1.12911,0.26513,903.285,903.285
265,14.4055,0.116977,1.38972,0.866136,2639.73,2639.73
35,10.5186,0.0652588,1.00074,0.891733,1087.84,1087.84
78,12.408,0.121692,1.41916,0.390103,1677.84,1677.84
276,10.7549,0.0989627,0.925927,1,222.001,1120.89
155,10.8788,0.121692,1.22339,0.390103,1130.82,1130.82
555,10.5186,0.0636034,1.00074,0.336325,1089.77,1089.77
252,11.6599,0.149795,1.22339,0.390103,1347.75,1347.75
116,15.2405,0.0723488,1.71656,0.390103,3283.83,3283.83
113,17.4433,0.105055,1.22339,0.390103,4749.89,4749.89
32,11.6599,0.0980035,1.07762,0.838761,1429.85,1429.85
91,12.7555,0.0700411,1.07762,0.838761,1929.99,1929.99
581,10.9352,0.0975607,1.28554,0.847923,1180.05,1180.05
87,11.4551,0.0676617,1.58065,0.159673,1401.42,1401.42
129,11.6599,0.121692,1.22339,0.390103,1392.3,1392.3
1,15.2405,0.117818,1.22339,0.390103,3122.88,3122.88
256,10.6542,0.108657,0.981956,0.798855,1077.97,1077.97
495,11.6599,0.174031,1.60499,0.390103,1309.33,1309.33
48,10.9352,0.0975607,0.989006,0.73411,1180.05,1180.05
38,11.8504,0.0934685,1.06016,0.571552,1508.62,1508.62
108,10.2034,0.0948292,1.72159,0.250307,961.539,961.539
1166,15.2405,0.173027,1.22339,0.237449,2927.44,2927.44
1893,13.6952,0.0457639,1.7867,0.0930686,277.763,284.099
1272,11.2337,0.105055,1.22339,0.216556,1268.73,1268.73
2184,12.2442,0.0718946,1.58065,0.282748,46.576,46.8083
1856,13.6952,0.0768367,1.7867,0.0899067,384.722,385.781
171,14.5849,0.0975855,1.07762,0.655061,2356.09,2799.76
475,14.0638,0.0948292,0.91722,1,2517.93,2517.93
391,10.9497,0.122372,1.07762,0.483111,1152.18,1152.18
491,12.7397,0.0914758,1.00074,0.235703,1878.5,1878.5
403,12.2694,0.0662682,1.00074,0.59162,1607.14,1724.62
220,15.7657,0.0964514,0.916319,0.632639,3540.73,3540.73
1203,8.44142,0.057325,1.07762,0.402167,567.032,567.032
117,9.72184,0.0934685,1.10557,0.662675,832.967,832.967
111,11.5874,0.106565,0.641263,0.857977,1390.04,1390.04
1879,13.6952,0.0768367,2.34658,0.119548,335.442,336.409
37,14.0638,0.0948292,0.91722,0.816609,2222.62,2517.93
211,12.408,0.121692,1.41916,0.390103,1677.84,1677.84
61,11.6599,0.105055,1.22339,0.390103,1418.67,1418.67
210,14.9042,0.108657,1.12803,0.820986,2951.04,2951.04
25,11.6599,0.0980035,1.07762,1,1429.85,1429.85
103,10.9497,0.122372,1.07762,0.483111,1152.18,1152.18
134,9.78704,0.106565,0.998146,0.766153,837.563,837.563
654,15.8601,0.0731054,1.58065,0.192456,3697.87,3697.87
612,13.9236,0.0607302,1.22339,0.229515,2535.38,2535.38
1012,19.9029,0.0731054,2.72759,0.16587,7307.64,7307.64
392,21.128,0.0811736,1.19444,0.187369,8665.84,8665.84
1490,19.1085,0.0768367,1.22339,0.212595,6441.09,6441.09
837,17.302,0.0948567,0.99041,0.169162,4688.23,4688.23
148,15.5284,0.0768367,1.22339,0.212595,3456.7,3456.7
248,19.4919,0.0964514,0.916319,0.596835,6691.35,6691.35
1186,10.5186,0.0566086,1.33433,0.235703,528.998,1097.91
943,17.3209,0.147963,1.01567,0.470247,4427.62,4427.62
588,10.078,0.105055,1.07762,0.418214,916.059,916.059
583,17.302,0.0768367,1.07636,0.268586,4781.57,4781.57
69,10.5186,0.0566086,1.00074,0.235703,1064.27,1097.91
122,17.302,0.0670531,1.22339,0.390103,4832.24,4832.24
1668,15.8601,0.0888523,1.58065,0.141629,2038.07,2365.97
1875,8.61325,0.103073,1.58065,0.0581855,58.2546,58.4421
125,13.4955,0.0964514,0.916319,0.833774,2220.84,2220.84
130,15.7657,0.0964514,0.916319,0.596835,3540.73,3540.73
981,13.6952,0.0768367,1.7867,0.15365,2371.29,2371.29
873,14.5849,0.207377,0.413647,0.655061,2459.13,2459.13
1460,11.6599,0.105055,0.821284,0.522125,1418.67,1418.67
714,19.4919,0.0964514,0.833444,0.504848,6691.35,6691.35
203,9.35282,0.0980195,0.835094,0.890069,737.946,737.946
538,11.6599,0.14479,0.728385,0.390103,1355.68,1355.68
546,19.6181,0.0765658,1.39323,1,6972.36,6972.36
850,13.6952,0.0768367,1.7867,0.119548,2371.29,2371.29
283,11.6599,0.108411,1.22339,0.440689,1413.35,1413.35
730,24.7588,0.117818,1.8126,0.285753,13388.9,13388.9
577,11.6599,0.121692,1.22339,0.390103,1392.3,1392.3
579,14.9042,0.142023,1.2884,0.820986,2840.57,2840.57
599,12.9158,0.105055,1.35798,0.29217,1928.24,1928.24
100,17.302,0.0608632,1.2456,0.390103,4864.3,4864.3
1187,15.2405,0.117818,1.75511,0.195101,3122.88,3122.88
841,19.099,0.0445967,1.22419,0.235703,6656.06,6656.06
216,12.2694,0.0662682,1.00074,0.59162,1724.62,1724.62
40,12.7397,0.0636034,1.00074,0.235703,1936.13,1936.13
904,10.9352,0.0975607,0.989006,0.724799,1180.05,1180.05
157,16.3529,0.0522464,2.34482,0.212679,4144.57,4144.57
1380,17.4094,0.105055,1.46462,0.447486,4722.22,4722.22
1768,11.3397,0.0731054,1.58065,0.159673,458.573,512.222
135,13.4955,0.0964514,0.916319,0.833774,2220.84,2220.84
189,10.5186,0.0662682,1.00074,0.59162,1086.67,1086.67
653,10.5186,0.069165,0.551857,0.235703,1083.3,1083.3
96,11.6599,0.105055,1.22339,0.470247,1418.67,1418.67
322,13.6952,0.0768367,1.7867,0.119548,2371.29,2371.29
81,11.5093,0.0522464,1.23966,0.207976,1444.93,1444.93
95,10.5186,0.0652588,1.02067,0.749394,1087.84,1087.84
1134,11.5093,0.0731054,1.33644,0.207976,1413.13,1413.13
468,15.7657,0.0964514,0.916319,0.596835,2991.9,3540.73
133,15.3866,0.124844,0.959147,0.787089,3187.96,3187.96
85,15.8541,0.109962,0.990941,1,3546.78,3546.78
62,16.3244,0.109962,0.990941,1,3871.87,3871.87
1242,11.3397,0.0731054,1.58065,0.104814,1351.55,1351.55
417,17.6933,0.117818,1.11874,0.469421,4886.38,4886.38
481,12.408,0.121692,1.41916,0.390103,1677.84,1677.84
438,9.9449,0.0631538,0.616358,0.750568,921.445,921.445
423,11.6599,0.0980035,1.54622,0.474608,1429.85,1429.85
551,14.5849,0.0975855,1.07762,0.416332,2799.76,2799.76
1236,10.5186,0.0636034,1.00074,0.235703,1071.73,1089.77
467,11.2971,0.114881,0.983743,0.777998,1276.14,1276.14
409,17.3312,0.0768367,0.706642,0.119548,4805.81,4805.81
120,15.2405,0.117818,1.11874,0.390103,3122.88,3122.88
350,13.936,0.0669113,1.58065,0.489044,2525.43,2525.43
119,11.5093,0.0522464,1.58065,0.207976,1444.93,1444.93
90,16.3244,0.0781957,0.990941,1,4010.06,4010.06
132,10.6542,0.108657,1.41064,0.798855,825.242,1077.97
1446,11.5093,0.0314367,1.58065,0.207976,627.683,1476.66
241,10.9352,0.0975607,1.11476,0.999163,1180.05,1180.05
598,10.8788,0.121692,1.22339,0.289856,1130.82,1130.82
8,10.5186,0.0941658,1.00074,0.235703,1054.2,1054.2
1853,17.3312,0.0768367,0.820216,0.104761,368.3,369.602
89,15.9049,0.105055,1.01567,0.470247,3600.71,3600.71
98,16.3244,0.109962,0.990941,1,3871.87,3871.87
247,11.3632,0.0963758,1.04484,0.395549,1325.85,1325.85
166,12.9158,0.105055,1.35798,0.499805,1928.24,1928.24
823,11.6599,0.105055,1.22339,0.267249,1418.67,1418.67
1235,15.2405,0.0641498,1.71656,0.282677,3312.86,3312.86
787,10.2034,0.129674,1.72159,0.250307,924.524,924.524
141,18.3443,0.109962,0.990941,1,5331.61,5494.31
496,6.68952,0.083238,1.82205,0.749394,241.342,274.436
1528,15.8498,0.0768367,1.22339,0.371172,3675.76,3675.76
41,12.8158,0.0330707,1.04484,0.416496,2035.33,2035.33
676,12.408,0.121692,1.41916,0.390103,1677.84,1677.84
195,15.7657,0.0887789,0.916319,0.975471,3570.8,3570.8
222,12.0932,0.0807282,0.911713,0.810446,1530.07,1625.8
268,11.6599,0.105055,1.22339,0.390103,1418.67,1418.67
582,9.84417,0.145603,1.22339,0.522125,815.074,815.074
613,17.302,0.0869144,1.476,0.294173,4729.37,4729.37
576,15.2405,0.173027,1.22339,0.237449,2927.44,2927.44
255,9.48064,0.124844,0.959147,0.787089,745.758,745.758
34,11.6599,0.105055,1.07762,0.637875,1418.67,1418.67
302,14.0638,0.0948292,0.91722,0.816609,2517.93,2517.93
415,11.6599,0.105055,1.22339,0.326713,1418.67,1418.67
275,11.5093,0.0522464,2.34482,0.207976,1150.16,1444.93
677,12.408,0.0756872,1.41916,0.302069,1765.72,1765.72
985,11.5093,0.0521869,1.23819,0.207976,1445.02,1445.02
290,14.4757,0.122372,1.07762,0.483111,2662.15,2662.15
472,10.9352,0.0975607,1.11476,0.999163,794.51,1180.05
552,15.2405,0.117818,1.11874,0.390103,3122.88,3122.88
50,10.6041,0.0788385,0.959147,0.787089,1098.38,1098.38
68,8.98656,0.0763779,1.00074,0.367409,670.31,670.31
667,12.9158,0.105055,0.760907,0.30308,1928.24,1928.24
1824,11.6006,0.093604,1.66116,0.616732,1180.51,1415.01
770,8.85766,0.0419001,2.04162,0.508844,563.73,665.838
310,11.6599,0.105055,1.22339,0.297725,1418.67,1418.67
892,11.5093,0.0522464,1.63379,0.240989,1444.93,1444.93
1006,7.16798,0.158593,0.795063,0.483111,309.881,309.881
661,4.92621,0.105055,1.07762,0.435151,106.988,106.988
176,27.8657,0.117818,1.11874,0.390103,19088.3,19088.3
22,15.7657,0.0964514,0.916319,0.975471,3540.73,3540.73
914,23.0067,0.0642369,1.22339,0.268586,11395.3,11395.3
266,7.86398,0.0662682,1.00074,0.80385,129.483,454.098
260,10.5257,0.0636034,1.00074,0.367409,1091.98,1091.98
7,12.2442,0.0718946,1.58065,0.282748,1497.82,1703.69
401,11.5093,0.0522464,2.34482,0.207976,1444.93,1444.93
76,10.5186,0.0636034,1.00074,0.235703,1089.77,1089.77
781,11.6599,0.121692,1.16087,0.390103,1392.3,1392.3
170,14.5849,0.0975855,1.07762,0.655061,2799.76,2799.76
191,14.0638,0.0948292,0.91722,0.816609,2222.62,2517.93
1249,26.8774,0.114772,0.992872,0.0977794,17187.8,17187.8
257,14.9042,0.108657,1.2884,0.820986,2951.04,2951.04
42,10.2034,0.0948292,1.72159,0.448768,961.539,961.539
64,10.0381,0.106965,0.944557,0.403798,777.977,903.285
52,11.2971,0.114881,0.983743,0.777998,1276.14,1276.14
198,10.7305,0.124844,0.959147,0.787089,1081.3,1081.3
354,10.8788,0.121692,1.22339,0.231336,1130.82,1130.82
200,11.6599,0.105055,1.22339,0.522125,1418.67,1418.67
284,16.661,0.0802747,1.66116,0.616732,4253.62,4253.62
131,10.5186,0.083238,0.944557,0.749394,1066.92,1066.92
325,7.16798,0.167083,1.26168,0.483111,306.755,306.755
254,14.9042,0.108657,1.2884,0.820986,2951.04,2951.04
418,11.6599,0.105055,1.06639,0.326713,1418.67,1418.67
440,17.302,0.0768367,1.22339,0.268586,4781.57,4781.57
253,11.6599,0.121692,1.22339,0.390103,1392.3,1392.3
1341,12.7397,0.0636034,1.18604,0.235703,1936.13,1936.13
75,10.8788,0.121692,0.683465,0.390103,1130.82,1130.82
44,11.6599,0.102914,1.22339,0.390103,1422.06,1422.06
976,12.6978,0.102914,2.02606,0.341629,1624.17,1836.6
51,10.9497,0.122372,1.07762,0.462408,1152.18,1152.18
232,10.6542,0.108657,1.41064,0.820986,1077.97,1077.97
258,9.72184,0.0934685,1.2656,0.629392,832.967,832.967
565,14.1628,0.0383362,0.552628,0.553787,2731.96,2731.96
80,17.302,0.0768367,1.22339,0.268586,4781.57,4781.57
263,10.4521,0.0774048,1.07509,0.866136,1053.46,1053.46
193,14.1628,0.044993,0.99041,0.378486,2713.04,2713.04
238,12.408,0.121692,1.41916,0.390103,1677.84,1677.84
225,12.9799,0.0637179,0.986408,0.933363,2047.49,2047.49
326,12.408,0.121692,2.64272,0.238078,1677.84,1677.84
59,17.302,0.0670531,0.99041,0.378486,4832.24,4832.24
245,13.269,0.0646085,0.824575,0.119548,971.709,1307.05
490,12.408,0.121692,2.06438,0.199183,1677.84,1677.84
306,17.302,0.0945121,1.22339,0.268586,1192.87,1195.69
82,10.5186,0.0662682,1.00074,0.59162,1086.67,1086.67
273,12.7207,0.0936721,0.949751,1,1865.58,1865.58
272,10.5186,0.113268,0.944557,0.749394,1031.97,1031.97
890,12.2442,0.0718946,1.58065,0.282748,1703.69,1703.69
389,14.3971,0.0756872,1.41916,0.390103,2758.34,2758.34
259,11.6599,0.105055,1.22339,0.326713,1418.67,1418.67
126,17.302,0.0768367,1.22339,0.212595,4781.57,4781.57
921,15.8601,0.0888523,1.58065,0.0977794,3585.83,3635.04
291,12.408,0.0756872,1.41916,0.390103,1765.72,1765.72
240,11.6599,0.105055,1.22339,0.470247,1418.67,1418.67
28,9.24128,0.117818,0.66747,0.390103,696.232,696.232
483,11.6599,0.0588858,1.22339,0.470247,1491.86,1491.86
174,9.72184,0.0934685,1.06016,0.571552,832.967,832.967
298,12.408,0.122279,1.41916,0.390103,1676.72,1676.72
161,10.6906,0.0964514,0.980479,0.699314,1103.96,1103.96
46,11.5093,0.034714,1.17298,0.207976,1471.66,1471.66
679,11.6599,0.105055,1.22339,0.326713,1418.67,1418.67
2185,17.3312,0.0768367,1.22339,0.119548,12.5063,12.6431
221,16.661,0.105055,1.35798,0.487408,4139.01,4139.01
589,11.5093,0.0731054,1.58065,0.207976,1413.13,1413.13
1868,11.5093,0.0731054,1.51221,0.120259,223.457,224.077
163,9.78704,0.106565,0.998146,0.766153,837.563,837.563
